binding												
_name	disabled	in.http_headers	in.http_url_query	in.method	in.parser	in.path	out.http_headers	out.http_url_query	out.method	out.parser	out.path	push_trigger
prophet_agadyr	false	none	none	get	eyJ0ZW1wbGF0ZSI6IntcbiAgIFwicHJlZGljdGlvbnNcIjogJHByZWRpY3Rcbn0ifQ==	none	none	none	post	eyJ0ZW1wbGF0ZSI6IntcbiAgICBcInBvaW50XCI6ICRwb2ludCxcbiAgICBcInR5cGVcIjogJHR5cGUsXG4gICAgXCJjb25maWdcIjogJGNvbmZpZyxcbiAgICBcImRhdGFcIjogJGRhdGEsXG4gICAgXCJyZWdyZXNzb3JcIjogJHJlZ3Jlc3NvcixcbiAgICBcImZlYXR1cmVzXCI6ICRmZWF0dXJlc1xufSJ9	action2	{"type":"tag","value":{"tag":"/root/PROJECT/TAGS/Nodes/Agadyr_F/model_control","field":"trigger"},"is_strict":false,"max_step":null,"from":0}
prophet_agadyr_220	false	none	none	get	eyJ0ZW1wbGF0ZSI6IntcbiAgIFwicHJlZGljdGlvbnNcIjogJHByZWRpY3Rcbn0ifQ==	none	none	none	post	eyJ0ZW1wbGF0ZSI6IntcbiAgICBcInBvaW50XCI6ICRwb2ludCxcbiAgICBcInR5cGVcIjogJHR5cGUsXG4gICAgXCJjb25maWdcIjogJGNvbmZpZyxcbiAgICBcImRhdGFcIjogJGRhdGEsXG4gICAgXCJyZWdyZXNzb3JcIjogJHJlZ3Jlc3NvcixcbiAgICBcImZlYXR1cmVzXCI6ICRmZWF0dXJlc1xufSJ9	action2	{"type":"tag","value":{"tag":"/root/PROJECT/TAGS/Nodes/Agadyr_F/u220/model_control","field":"trigger"},"is_strict":false,"max_step":null,"from":0}
prophet_aktogay	false	none	none	get	eyJ0ZW1wbGF0ZSI6IntcbiAgIFwicHJlZGljdGlvbnNcIjogJHByZWRpY3Rcbn0ifQ==	none	none	none	post	eyJ0ZW1wbGF0ZSI6IntcbiAgICBcInBvaW50XCI6ICRwb2ludCxcbiAgICBcInR5cGVcIjogJHR5cGUsXG4gICAgXCJjb25maWdcIjogJGNvbmZpZyxcbiAgICBcImRhdGFcIjogJGRhdGEsXG4gICAgXCJyZWdyZXNzb3JcIjogJHJlZ3Jlc3NvcixcbiAgICBcImZlYXR1cmVzXCI6ICRmZWF0dXJlc1xufSJ9	action2	{"type":"tag","value":{"tag":"/root/PROJECT/TAGS/Nodes/Aktogay_F/model_control","field":"trigger"},"is_strict":false,"max_step":null,"from":0}
prophet_alma	false	none	none	get	eyJ0ZW1wbGF0ZSI6IntcbiAgIFwicHJlZGljdGlvbnNcIjogJHByZWRpY3Rcbn0ifQ==	none	none	none	post	eyJ0ZW1wbGF0ZSI6IntcbiAgICBcInBvaW50XCI6ICRwb2ludCxcbiAgICBcInR5cGVcIjogJHR5cGUsXG4gICAgXCJjb25maWdcIjogJGNvbmZpZyxcbiAgICBcImRhdGFcIjogJGRhdGEsXG4gICAgXCJyZWdyZXNzb3JcIjogJHJlZ3Jlc3NvcixcbiAgICBcImZlYXR1cmVzXCI6ICRmZWF0dXJlc1xufSJ9	action2	{"type":"tag","value":{"tag":"/root/PROJECT/TAGS/Nodes/Alma_F/model_control","field":"trigger"},"is_strict":false,"max_step":null,"from":0}
prophet_alma_220	false	none	none	get	eyJ0ZW1wbGF0ZSI6IntcbiAgIFwicHJlZGljdGlvbnNcIjogJHByZWRpY3Rcbn0ifQ==	none	none	none	post	eyJ0ZW1wbGF0ZSI6IntcbiAgICBcInBvaW50XCI6ICRwb2ludCxcbiAgICBcInR5cGVcIjogJHR5cGUsXG4gICAgXCJjb25maWdcIjogJGNvbmZpZyxcbiAgICBcImRhdGFcIjogJGRhdGEsXG4gICAgXCJyZWdyZXNzb3JcIjogJHJlZ3Jlc3NvcixcbiAgICBcImZlYXR1cmVzXCI6ICRmZWF0dXJlc1xufSJ9	action2	{"type":"tag","value":{"tag":"/root/PROJECT/TAGS/Nodes/Alma_F/u220/model_control","field":"trigger"},"is_strict":false,"max_step":null,"from":0}
prophet_almaty	false	none	none	get	eyJ0ZW1wbGF0ZSI6IntcbiAgIFwicHJlZGljdGlvbnNcIjogJHByZWRpY3Rcbn0ifQ==	none	none	none	post	eyJ0ZW1wbGF0ZSI6IntcbiAgICBcInBvaW50XCI6ICRwb2ludCxcbiAgICBcInR5cGVcIjogJHR5cGUsXG4gICAgXCJjb25maWdcIjogJGNvbmZpZyxcbiAgICBcImRhdGFcIjogJGRhdGEsXG4gICAgXCJyZWdyZXNzb3JcIjogJHJlZ3Jlc3NvcixcbiAgICBcImZlYXR1cmVzXCI6ICRmZWF0dXJlc1xufSJ9	action2	{"type":"tag","value":{"tag":"/root/PROJECT/TAGS/Nodes/Almaty_F/model_control","field":"trigger"},"is_strict":false,"max_step":null,"from":0}
prophet_almaty_220	false	none	none	get	eyJ0ZW1wbGF0ZSI6IntcbiAgIFwicHJlZGljdGlvbnNcIjogJHByZWRpY3Rcbn0ifQ==	none	none	none	post	eyJ0ZW1wbGF0ZSI6IntcbiAgICBcInBvaW50XCI6ICRwb2ludCxcbiAgICBcInR5cGVcIjogJHR5cGUsXG4gICAgXCJjb25maWdcIjogJGNvbmZpZyxcbiAgICBcImRhdGFcIjogJGRhdGEsXG4gICAgXCJyZWdyZXNzb3JcIjogJHJlZ3Jlc3NvcixcbiAgICBcImZlYXR1cmVzXCI6ICRmZWF0dXJlc1xufSJ9	action2	{"type":"tag","value":{"tag":"/root/PROJECT/TAGS/Nodes/Almaty_F/u220/model_control","field":"trigger"},"is_strict":false,"max_step":null,"from":0}
prophet_altai	false	none	none	get	eyJ0ZW1wbGF0ZSI6IntcbiAgIFwicHJlZGljdGlvbnNcIjogJHByZWRpY3Rcbn0ifQ==	none	none	none	post	eyJ0ZW1wbGF0ZSI6IntcbiAgICBcInBvaW50XCI6ICRwb2ludCxcbiAgICBcInR5cGVcIjogJHR5cGUsXG4gICAgXCJjb25maWdcIjogJGNvbmZpZyxcbiAgICBcImRhdGFcIjogJGRhdGEsXG4gICAgXCJyZWdyZXNzb3JcIjogJHJlZ3Jlc3NvcixcbiAgICBcImZlYXR1cmVzXCI6ICRmZWF0dXJlc1xufSJ9	action2	{"type":"tag","value":{"tag":"/root/PROJECT/TAGS/Nodes/Altai_F/model_control","field":"trigger"},"is_strict":false,"max_step":null,"from":0}
prophet_aspara_220	false	none	none	get	eyJ0ZW1wbGF0ZSI6IntcbiAgIFwicHJlZGljdGlvbnNcIjogJHByZWRpY3Rcbn0ifQ==	none	none	none	post	eyJ0ZW1wbGF0ZSI6IntcbiAgICBcInBvaW50XCI6ICRwb2ludCxcbiAgICBcInR5cGVcIjogJHR5cGUsXG4gICAgXCJjb25maWdcIjogJGNvbmZpZyxcbiAgICBcImRhdGFcIjogJGRhdGEsXG4gICAgXCJyZWdyZXNzb3JcIjogJHJlZ3Jlc3NvcixcbiAgICBcImZlYXR1cmVzXCI6ICRmZWF0dXJlc1xufSJ9	action2	{"type":"tag","value":{"tag":"/root/PROJECT/TAGS/Nodes/Aspara_220_F/model_control","field":"trigger"},"is_strict":false,"max_step":null,"from":0}
prophet_atets-3	false	none	none	get	eyJ0ZW1wbGF0ZSI6IntcbiAgIFwicHJlZGljdGlvbnNcIjogJHByZWRpY3Rcbn0ifQ==	none	none	none	post	eyJ0ZW1wbGF0ZSI6IntcbiAgICBcInBvaW50XCI6ICRwb2ludCxcbiAgICBcInR5cGVcIjogJHR5cGUsXG4gICAgXCJjb25maWdcIjogJGNvbmZpZyxcbiAgICBcImRhdGFcIjogJGRhdGEsXG4gICAgXCJyZWdyZXNzb3JcIjogJHJlZ3Jlc3NvcixcbiAgICBcImZlYXR1cmVzXCI6ICRmZWF0dXJlc1xufSJ9	action2	{"type":"tag","value":{"tag":"/root/PROJECT/TAGS/Nodes/ATETS-3_F/model_control","field":"trigger"},"is_strict":false,"max_step":null,"from":0}
prophet_avrora	false	none	none	get	eyJ0ZW1wbGF0ZSI6IntcbiAgIFwicHJlZGljdGlvbnNcIjogJHByZWRpY3Rcbn0ifQ==	none	none	none	post	eyJ0ZW1wbGF0ZSI6IntcbiAgICBcInBvaW50XCI6ICRwb2ludCxcbiAgICBcInR5cGVcIjogJHR5cGUsXG4gICAgXCJjb25maWdcIjogJGNvbmZpZyxcbiAgICBcImRhdGFcIjogJGRhdGEsXG4gICAgXCJyZWdyZXNzb3JcIjogJHJlZ3Jlc3NvcixcbiAgICBcImZlYXR1cmVzXCI6ICRmZWF0dXJlc1xufSJ9	action2	{"type":"tag","value":{"tag":"/root/PROJECT/TAGS/Nodes/Avrora_F/model_control","field":"trigger"},"is_strict":false,"max_step":null,"from":0}
prophet_balkhashskaya	false	none	none	get	eyJ0ZW1wbGF0ZSI6IntcbiAgIFwicHJlZGljdGlvbnNcIjogJHByZWRpY3Rcbn0ifQ==	none	none	none	post	eyJ0ZW1wbGF0ZSI6IntcbiAgICBcInBvaW50XCI6ICRwb2ludCxcbiAgICBcInR5cGVcIjogJHR5cGUsXG4gICAgXCJjb25maWdcIjogJGNvbmZpZyxcbiAgICBcImRhdGFcIjogJGRhdGEsXG4gICAgXCJyZWdyZXNzb3JcIjogJHJlZ3Jlc3NvcixcbiAgICBcImZlYXR1cmVzXCI6ICRmZWF0dXJlc1xufSJ9	action2	{"type":"tag","value":{"tag":"/root/PROJECT/TAGS/Nodes/Balkhashskaya_F/model_control","field":"trigger"},"is_strict":false,"max_step":null,"from":0}
prophet_barnaul	false	none	none	get	eyJ0ZW1wbGF0ZSI6IntcbiAgIFwicHJlZGljdGlvbnNcIjogJHByZWRpY3Rcbn0ifQ==	none	none	none	post	eyJ0ZW1wbGF0ZSI6IntcbiAgICBcInBvaW50XCI6ICRwb2ludCxcbiAgICBcInR5cGVcIjogJHR5cGUsXG4gICAgXCJjb25maWdcIjogJGNvbmZpZyxcbiAgICBcImRhdGFcIjogJGRhdGEsXG4gICAgXCJyZWdyZXNzb3JcIjogJHJlZ3Jlc3NvcixcbiAgICBcImZlYXR1cmVzXCI6ICRmZWF0dXJlc1xufSJ9	action2	{"type":"tag","value":{"tag":"/root/PROJECT/TAGS/Nodes/Barnaul_F/model_control","field":"trigger"},"is_strict":false,"max_step":null,"from":0}
prophet_ca-1	false	none	none	get	eyJ0ZW1wbGF0ZSI6IntcbiAgIFwicHJlZGljdGlvbnNcIjogJHByZWRpY3Rcbn0ifQ==	none	none	none	post	eyJ0ZW1wbGF0ZSI6IntcbiAgICBcInBvaW50XCI6ICRwb2ludCxcbiAgICBcInR5cGVcIjogJHR5cGUsXG4gICAgXCJjb25maWdcIjogJGNvbmZpZyxcbiAgICBcImRhdGFcIjogJGRhdGEsXG4gICAgXCJyZWdyZXNzb3JcIjogJHJlZ3Jlc3NvcixcbiAgICBcImZlYXR1cmVzXCI6ICRmZWF0dXJlc1xufSJ9	action2	{"type":"tag","value":{"tag":"/root/PROJECT/TAGS/Nodes/CA-1_F/model_control","field":"trigger"},"is_strict":false,"max_step":null,"from":0}
prophet_cgpp	false	none	none	get	eyJ0ZW1wbGF0ZSI6IntcbiAgIFwicHJlZGljdGlvbnNcIjogJHByZWRpY3Rcbn0ifQ==	none	none	none	post	eyJ0ZW1wbGF0ZSI6IntcbiAgICBcInBvaW50XCI6ICRwb2ludCxcbiAgICBcInR5cGVcIjogJHR5cGUsXG4gICAgXCJjb25maWdcIjogJGNvbmZpZyxcbiAgICBcImRhdGFcIjogJGRhdGEsXG4gICAgXCJyZWdyZXNzb3JcIjogJHJlZ3Jlc3NvcixcbiAgICBcImZlYXR1cmVzXCI6ICRmZWF0dXJlc1xufSJ9	action2	{"type":"tag","value":{"tag":"/root/PROJECT/TAGS/Nodes/CGPP_F/model_control","field":"trigger"},"is_strict":false,"max_step":null,"from":0}
prophet_eec	false	none	none	get	eyJ0ZW1wbGF0ZSI6IntcbiAgIFwicHJlZGljdGlvbnNcIjogJHByZWRpY3Rcbn0ifQ==	none	none	none	post	eyJ0ZW1wbGF0ZSI6IntcbiAgICBcInBvaW50XCI6ICRwb2ludCxcbiAgICBcInR5cGVcIjogJHR5cGUsXG4gICAgXCJjb25maWdcIjogJGNvbmZpZyxcbiAgICBcImRhdGFcIjogJGRhdGEsXG4gICAgXCJyZWdyZXNzb3JcIjogJHJlZ3Jlc3NvcixcbiAgICBcImZlYXR1cmVzXCI6ICRmZWF0dXJlc1xufSJ9	action2	{"type":"tag","value":{"tag":"/root/PROJECT/TAGS/Nodes/EEC_F/model_control","field":"trigger"},"is_strict":false,"max_step":null,"from":0}
prophet_eec_bl5-8	false	none	none	get	eyJ0ZW1wbGF0ZSI6IntcbiAgIFwicHJlZGljdGlvbnNcIjogJHByZWRpY3Rcbn0ifQ==	none	none	none	post	eyJ0ZW1wbGF0ZSI6IntcbiAgICBcInBvaW50XCI6ICRwb2ludCxcbiAgICBcInR5cGVcIjogJHR5cGUsXG4gICAgXCJjb25maWdcIjogJGNvbmZpZyxcbiAgICBcImRhdGFcIjogJGRhdGEsXG4gICAgXCJyZWdyZXNzb3JcIjogJHJlZ3Jlc3NvcixcbiAgICBcImZlYXR1cmVzXCI6ICRmZWF0dXJlc1xufSJ9	action2	{"type":"tag","value":{"tag":"/root/PROJECT/TAGS/Nodes/EEC_F/bl5-8/model_control","field":"trigger"},"is_strict":false,"max_step":null,"from":0}
prophet_eec_220	false	none	none	get	eyJ0ZW1wbGF0ZSI6IntcbiAgIFwicHJlZGljdGlvbnNcIjogJHByZWRpY3Rcbn0ifQ==	none	none	none	post	eyJ0ZW1wbGF0ZSI6IntcbiAgICBcInBvaW50XCI6ICRwb2ludCxcbiAgICBcInR5cGVcIjogJHR5cGUsXG4gICAgXCJjb25maWdcIjogJGNvbmZpZyxcbiAgICBcImRhdGFcIjogJGRhdGEsXG4gICAgXCJyZWdyZXNzb3JcIjogJHJlZ3Jlc3NvcixcbiAgICBcImZlYXR1cmVzXCI6ICRmZWF0dXJlc1xufSJ9	action2	{"type":"tag","value":{"tag":"/root/PROJECT/TAGS/Nodes/EEC_F/u220/model_control","field":"trigger"},"is_strict":false,"max_step":null,"from":0}
prophet_egres-1	false	none	none	get	eyJ0ZW1wbGF0ZSI6IntcbiAgIFwicHJlZGljdGlvbnNcIjogJHByZWRpY3Rcbn0ifQ==	none	none	none	post	eyJ0ZW1wbGF0ZSI6IntcbiAgICBcInBvaW50XCI6ICRwb2ludCxcbiAgICBcInR5cGVcIjogJHR5cGUsXG4gICAgXCJjb25maWdcIjogJGNvbmZpZyxcbiAgICBcImRhdGFcIjogJGRhdGEsXG4gICAgXCJyZWdyZXNzb3JcIjogJHJlZ3Jlc3NvcixcbiAgICBcImZlYXR1cmVzXCI6ICRmZWF0dXJlc1xufSJ9	action2	{"type":"tag","value":{"tag":"/root/PROJECT/TAGS/Nodes/EGRES-1_F/model_control","field":"trigger"},"is_strict":false,"max_step":null,"from":0}
prophet_egres-1_bl2	false	none	none	get	eyJ0ZW1wbGF0ZSI6IntcbiAgIFwicHJlZGljdGlvbnNcIjogJHByZWRpY3Rcbn0ifQ==	none	none	none	post	eyJ0ZW1wbGF0ZSI6IntcbiAgICBcInBvaW50XCI6ICRwb2ludCxcbiAgICBcInR5cGVcIjogJHR5cGUsXG4gICAgXCJjb25maWdcIjogJGNvbmZpZyxcbiAgICBcImRhdGFcIjogJGRhdGEsXG4gICAgXCJyZWdyZXNzb3JcIjogJHJlZ3Jlc3NvcixcbiAgICBcImZlYXR1cmVzXCI6ICRmZWF0dXJlc1xufSJ9	action2	{"type":"tag","value":{"tag":"/root/PROJECT/TAGS/Nodes/EGRES-1_F/bl2/model_control","field":"trigger"},"is_strict":false,"max_step":null,"from":0}
prophet_egres-1_220	false	none	none	get	eyJ0ZW1wbGF0ZSI6IntcbiAgIFwicHJlZGljdGlvbnNcIjogJHByZWRpY3Rcbn0ifQ==	none	none	none	post	eyJ0ZW1wbGF0ZSI6IntcbiAgICBcInBvaW50XCI6ICRwb2ludCxcbiAgICBcInR5cGVcIjogJHR5cGUsXG4gICAgXCJjb25maWdcIjogJGNvbmZpZyxcbiAgICBcImRhdGFcIjogJGRhdGEsXG4gICAgXCJyZWdyZXNzb3JcIjogJHJlZ3Jlc3NvcixcbiAgICBcImZlYXR1cmVzXCI6ICRmZWF0dXJlc1xufSJ9	action2	{"type":"tag","value":{"tag":"/root/PROJECT/TAGS/Nodes/EGRES-1_F/u220/model_control","field":"trigger"},"is_strict":false,"max_step":null,"from":0}
prophet_egres-2	false	none	none	get	eyJ0ZW1wbGF0ZSI6IntcbiAgIFwicHJlZGljdGlvbnNcIjogJHByZWRpY3Rcbn0ifQ==	none	none	none	post	eyJ0ZW1wbGF0ZSI6IntcbiAgICBcInBvaW50XCI6ICRwb2ludCxcbiAgICBcInR5cGVcIjogJHR5cGUsXG4gICAgXCJjb25maWdcIjogJGNvbmZpZyxcbiAgICBcImRhdGFcIjogJGRhdGEsXG4gICAgXCJyZWdyZXNzb3JcIjogJHJlZ3Jlc3NvcixcbiAgICBcImZlYXR1cmVzXCI6ICRmZWF0dXJlc1xufSJ9	action2	{"type":"tag","value":{"tag":"/root/PROJECT/TAGS/Nodes/EGRES-2_F/model_control","field":"trigger"},"is_strict":false,"max_step":null,"from":0}
prophet_egres-2_20	false	none	none	get	eyJ0ZW1wbGF0ZSI6IntcbiAgIFwicHJlZGljdGlvbnNcIjogJHByZWRpY3Rcbn0ifQ==	none	none	none	post	eyJ0ZW1wbGF0ZSI6IntcbiAgICBcInBvaW50XCI6ICRwb2ludCxcbiAgICBcInR5cGVcIjogJHR5cGUsXG4gICAgXCJjb25maWdcIjogJGNvbmZpZyxcbiAgICBcImRhdGFcIjogJGRhdGEsXG4gICAgXCJyZWdyZXNzb3JcIjogJHJlZ3Jlc3NvcixcbiAgICBcImZlYXR1cmVzXCI6ICRmZWF0dXJlc1xufSJ9	action2	{"type":"tag","value":{"tag":"/root/PROJECT/TAGS/Nodes/EGRES-2_F/u20/model_control","field":"trigger"},"is_strict":false,"max_step":null,"from":0}
prophet_ek-1150	false	none	none	get	eyJ0ZW1wbGF0ZSI6IntcbiAgIFwicHJlZGljdGlvbnNcIjogJHByZWRpY3Rcbn0ifQ==	none	none	none	post	eyJ0ZW1wbGF0ZSI6IntcbiAgICBcInBvaW50XCI6ICRwb2ludCxcbiAgICBcInR5cGVcIjogJHR5cGUsXG4gICAgXCJjb25maWdcIjogJGNvbmZpZyxcbiAgICBcImRhdGFcIjogJGRhdGEsXG4gICAgXCJyZWdyZXNzb3JcIjogJHJlZ3Jlc3NvcixcbiAgICBcImZlYXR1cmVzXCI6ICRmZWF0dXJlc1xufSJ9	action2	{"type":"tag","value":{"tag":"/root/PROJECT/TAGS/Nodes/EK-1150_F/model_control","field":"trigger"},"is_strict":false,"max_step":null,"from":0}
prophet_frunze	false	none	none	get	eyJ0ZW1wbGF0ZSI6IntcbiAgIFwicHJlZGljdGlvbnNcIjogJHByZWRpY3Rcbn0ifQ==	none	none	none	post	eyJ0ZW1wbGF0ZSI6IntcbiAgICBcInBvaW50XCI6ICRwb2ludCxcbiAgICBcInR5cGVcIjogJHR5cGUsXG4gICAgXCJjb25maWdcIjogJGNvbmZpZyxcbiAgICBcImRhdGFcIjogJGRhdGEsXG4gICAgXCJyZWdyZXNzb3JcIjogJHJlZ3Jlc3NvcixcbiAgICBcImZlYXR1cmVzXCI6ICRmZWF0dXJlc1xufSJ9	action2	{"type":"tag","value":{"tag":"/root/PROJECT/TAGS/Nodes/Frunze_F/model_control","field":"trigger"},"is_strict":false,"max_step":null,"from":0}
prophet_frunze_220	false	none	none	get	eyJ0ZW1wbGF0ZSI6IntcbiAgIFwicHJlZGljdGlvbnNcIjogJHByZWRpY3Rcbn0ifQ==	none	none	none	post	eyJ0ZW1wbGF0ZSI6IntcbiAgICBcInBvaW50XCI6ICRwb2ludCxcbiAgICBcInR5cGVcIjogJHR5cGUsXG4gICAgXCJjb25maWdcIjogJGNvbmZpZyxcbiAgICBcImRhdGFcIjogJGRhdGEsXG4gICAgXCJyZWdyZXNzb3JcIjogJHJlZ3Jlc3NvcixcbiAgICBcImZlYXR1cmVzXCI6ICRmZWF0dXJlc1xufSJ9	action2	{"type":"tag","value":{"tag":"/root/PROJECT/TAGS/Nodes/Frunze_F/u220/model_control","field":"trigger"},"is_strict":false,"max_step":null,"from":0}
prophet_glavnaya_220	false	none	none	get	eyJ0ZW1wbGF0ZSI6IntcbiAgIFwicHJlZGljdGlvbnNcIjogJHByZWRpY3Rcbn0ifQ==	none	none	none	post	eyJ0ZW1wbGF0ZSI6IntcbiAgICBcInBvaW50XCI6ICRwb2ludCxcbiAgICBcInR5cGVcIjogJHR5cGUsXG4gICAgXCJjb25maWdcIjogJGNvbmZpZyxcbiAgICBcImRhdGFcIjogJGRhdGEsXG4gICAgXCJyZWdyZXNzb3JcIjogJHJlZ3Jlc3NvcixcbiAgICBcImZlYXR1cmVzXCI6ICRmZWF0dXJlc1xufSJ9	action2	{"type":"tag","value":{"tag":"/root/PROJECT/TAGS/Nodes/Glavnaya_220_F/model_control","field":"trigger"},"is_strict":false,"max_step":null,"from":0}
prophet_irtyshskaya	false	none	none	get	eyJ0ZW1wbGF0ZSI6IntcbiAgIFwicHJlZGljdGlvbnNcIjogJHByZWRpY3Rcbn0ifQ==	none	none	none	post	eyJ0ZW1wbGF0ZSI6IntcbiAgICBcInBvaW50XCI6ICRwb2ludCxcbiAgICBcInR5cGVcIjogJHR5cGUsXG4gICAgXCJjb25maWdcIjogJGNvbmZpZyxcbiAgICBcImRhdGFcIjogJGRhdGEsXG4gICAgXCJyZWdyZXNzb3JcIjogJHJlZ3Jlc3NvcixcbiAgICBcImZlYXR1cmVzXCI6ICRmZWF0dXJlc1xufSJ9	action2	{"type":"tag","value":{"tag":"/root/PROJECT/TAGS/Nodes/Irtyshskaya_F/model_control","field":"trigger"},"is_strict":false,"max_step":null,"from":0}
prophet_kar.gres-2	false	none	none	get	eyJ0ZW1wbGF0ZSI6IntcbiAgIFwicHJlZGljdGlvbnNcIjogJHByZWRpY3Rcbn0ifQ==	none	none	none	post	eyJ0ZW1wbGF0ZSI6IntcbiAgICBcInBvaW50XCI6ICRwb2ludCxcbiAgICBcInR5cGVcIjogJHR5cGUsXG4gICAgXCJjb25maWdcIjogJGNvbmZpZyxcbiAgICBcImRhdGFcIjogJGRhdGEsXG4gICAgXCJyZWdyZXNzb3JcIjogJHJlZ3Jlc3NvcixcbiAgICBcImZlYXR1cmVzXCI6ICRmZWF0dXJlc1xufSJ9	action2	{"type":"tag","value":{"tag":"/root/PROJECT/TAGS/Nodes/Kar.GRES-2_F/model_control","field":"trigger"},"is_strict":false,"max_step":null,"from":0}
prophet_karazhal_220	false	none	none	get	eyJ0ZW1wbGF0ZSI6IntcbiAgIFwicHJlZGljdGlvbnNcIjogJHByZWRpY3Rcbn0ifQ==	none	none	none	post	eyJ0ZW1wbGF0ZSI6IntcbiAgICBcInBvaW50XCI6ICRwb2ludCxcbiAgICBcInR5cGVcIjogJHR5cGUsXG4gICAgXCJjb25maWdcIjogJGNvbmZpZyxcbiAgICBcImRhdGFcIjogJGRhdGEsXG4gICAgXCJyZWdyZXNzb3JcIjogJHJlZ3Jlc3NvcixcbiAgICBcImZlYXR1cmVzXCI6ICRmZWF0dXJlc1xufSJ9	action2	{"type":"tag","value":{"tag":"/root/PROJECT/TAGS/Nodes/Karazhal_220_F/model_control","field":"trigger"},"is_strict":false,"max_step":null,"from":0}
prophet_kemin_220	false	none	none	get	eyJ0ZW1wbGF0ZSI6IntcbiAgIFwicHJlZGljdGlvbnNcIjogJHByZWRpY3Rcbn0ifQ==	none	none	none	post	eyJ0ZW1wbGF0ZSI6IntcbiAgICBcInBvaW50XCI6ICRwb2ludCxcbiAgICBcInR5cGVcIjogJHR5cGUsXG4gICAgXCJjb25maWdcIjogJGNvbmZpZyxcbiAgICBcImRhdGFcIjogJGRhdGEsXG4gICAgXCJyZWdyZXNzb3JcIjogJHJlZ3Jlc3NvcixcbiAgICBcImZlYXR1cmVzXCI6ICRmZWF0dXJlc1xufSJ9	action2	{"type":"tag","value":{"tag":"/root/PROJECT/TAGS/Nodes/Kemin_220_F/model_control","field":"trigger"},"is_strict":false,"max_step":null,"from":0}
prophet_kentau	false	none	none	get	eyJ0ZW1wbGF0ZSI6IntcbiAgIFwicHJlZGljdGlvbnNcIjogJHByZWRpY3Rcbn0ifQ==	none	none	none	post	eyJ0ZW1wbGF0ZSI6IntcbiAgICBcInBvaW50XCI6ICRwb2ludCxcbiAgICBcInR5cGVcIjogJHR5cGUsXG4gICAgXCJjb25maWdcIjogJGNvbmZpZyxcbiAgICBcImRhdGFcIjogJGRhdGEsXG4gICAgXCJyZWdyZXNzb3JcIjogJHJlZ3Jlc3NvcixcbiAgICBcImZlYXR1cmVzXCI6ICRmZWF0dXJlc1xufSJ9	action2	{"type":"tag","value":{"tag":"/root/PROJECT/TAGS/Nodes/Kentau_F/model_control","field":"trigger"},"is_strict":false,"max_step":null,"from":0}
prophet_kokshetau	false	none	none	get	eyJ0ZW1wbGF0ZSI6IntcbiAgIFwicHJlZGljdGlvbnNcIjogJHByZWRpY3Rcbn0ifQ==	none	none	none	post	eyJ0ZW1wbGF0ZSI6IntcbiAgICBcInBvaW50XCI6ICRwb2ludCxcbiAgICBcInR5cGVcIjogJHR5cGUsXG4gICAgXCJjb25maWdcIjogJGNvbmZpZyxcbiAgICBcImRhdGFcIjogJGRhdGEsXG4gICAgXCJyZWdyZXNzb3JcIjogJHJlZ3Jlc3NvcixcbiAgICBcImZlYXR1cmVzXCI6ICRmZWF0dXJlc1xufSJ9	action2	{"type":"tag","value":{"tag":"/root/PROJECT/TAGS/Nodes/Kokshetau_F/model_control","field":"trigger"},"is_strict":false,"max_step":null,"from":0}
prophet_kostanai	false	none	none	get	eyJ0ZW1wbGF0ZSI6IntcbiAgIFwicHJlZGljdGlvbnNcIjogJHByZWRpY3Rcbn0ifQ==	none	none	none	post	eyJ0ZW1wbGF0ZSI6IntcbiAgICBcInBvaW50XCI6ICRwb2ludCxcbiAgICBcInR5cGVcIjogJHR5cGUsXG4gICAgXCJjb25maWdcIjogJGNvbmZpZyxcbiAgICBcImRhdGFcIjogJGRhdGEsXG4gICAgXCJyZWdyZXNzb3JcIjogJHJlZ3Jlc3NvcixcbiAgICBcImZlYXR1cmVzXCI6ICRmZWF0dXJlc1xufSJ9	action2	{"type":"tag","value":{"tag":"/root/PROJECT/TAGS/Nodes/Kostanai_F/model_control","field":"trigger"},"is_strict":false,"max_step":null,"from":0}
prophet_koyan-kos_220	false	none	none	get	eyJ0ZW1wbGF0ZSI6IntcbiAgIFwicHJlZGljdGlvbnNcIjogJHByZWRpY3Rcbn0ifQ==	none	none	none	post	eyJ0ZW1wbGF0ZSI6IntcbiAgICBcInBvaW50XCI6ICRwb2ludCxcbiAgICBcInR5cGVcIjogJHR5cGUsXG4gICAgXCJjb25maWdcIjogJGNvbmZpZyxcbiAgICBcImRhdGFcIjogJGRhdGEsXG4gICAgXCJyZWdyZXNzb3JcIjogJHJlZ3Jlc3NvcixcbiAgICBcImZlYXR1cmVzXCI6ICRmZWF0dXJlc1xufSJ9	action2	{"type":"tag","value":{"tag":"/root/PROJECT/TAGS/Nodes/Koyan-Kos_220_F/model_control","field":"trigger"},"is_strict":false,"max_step":null,"from":0}
prophet_kumkol_220	false	none	none	get	eyJ0ZW1wbGF0ZSI6IntcbiAgIFwicHJlZGljdGlvbnNcIjogJHByZWRpY3Rcbn0ifQ==	none	none	none	post	eyJ0ZW1wbGF0ZSI6IntcbiAgICBcInBvaW50XCI6ICRwb2ludCxcbiAgICBcInR5cGVcIjogJHR5cGUsXG4gICAgXCJjb25maWdcIjogJGNvbmZpZyxcbiAgICBcImRhdGFcIjogJGRhdGEsXG4gICAgXCJyZWdyZXNzb3JcIjogJHJlZ3Jlc3NvcixcbiAgICBcImZlYXR1cmVzXCI6ICRmZWF0dXJlc1xufSJ9	action2	{"type":"tag","value":{"tag":"/root/PROJECT/TAGS/Nodes/Kumkol_220_F/model_control","field":"trigger"},"is_strict":false,"max_step":null,"from":0}
prophet_kyzylorda_220	false	none	none	get	eyJ0ZW1wbGF0ZSI6IntcbiAgIFwicHJlZGljdGlvbnNcIjogJHByZWRpY3Rcbn0ifQ==	none	none	none	post	eyJ0ZW1wbGF0ZSI6IntcbiAgICBcInBvaW50XCI6ICRwb2ludCxcbiAgICBcInR5cGVcIjogJHR5cGUsXG4gICAgXCJjb25maWdcIjogJGNvbmZpZyxcbiAgICBcImRhdGFcIjogJGRhdGEsXG4gICAgXCJyZWdyZXNzb3JcIjogJHJlZ3Jlc3NvcixcbiAgICBcImZlYXR1cmVzXCI6ICRmZWF0dXJlc1xufSJ9	action2	{"type":"tag","value":{"tag":"/root/PROJECT/TAGS/Nodes/Kyzylorda_220_F/model_control","field":"trigger"},"is_strict":false,"max_step":null,"from":0}
prophet_medeo_220	false	none	none	get	eyJ0ZW1wbGF0ZSI6IntcbiAgIFwicHJlZGljdGlvbnNcIjogJHByZWRpY3Rcbn0ifQ==	none	none	none	post	eyJ0ZW1wbGF0ZSI6IntcbiAgICBcInBvaW50XCI6ICRwb2ludCxcbiAgICBcInR5cGVcIjogJHR5cGUsXG4gICAgXCJjb25maWdcIjogJGNvbmZpZyxcbiAgICBcImRhdGFcIjogJGRhdGEsXG4gICAgXCJyZWdyZXNzb3JcIjogJHJlZ3Jlc3NvcixcbiAgICBcImZlYXR1cmVzXCI6ICRmZWF0dXJlc1xufSJ9	action2	{"type":"tag","value":{"tag":"/root/PROJECT/TAGS/Nodes/Medeo_220_F/model_control","field":"trigger"},"is_strict":false,"max_step":null,"from":0}
prophet_mirgalimsai	false	none	none	get	eyJ0ZW1wbGF0ZSI6IntcbiAgIFwicHJlZGljdGlvbnNcIjogJHByZWRpY3Rcbn0ifQ==	none	none	none	post	eyJ0ZW1wbGF0ZSI6IntcbiAgICBcInBvaW50XCI6ICRwb2ludCxcbiAgICBcInR5cGVcIjogJHR5cGUsXG4gICAgXCJjb25maWdcIjogJGNvbmZpZyxcbiAgICBcImRhdGFcIjogJGRhdGEsXG4gICAgXCJyZWdyZXNzb3JcIjogJHJlZ3Jlc3NvcixcbiAgICBcImZlYXR1cmVzXCI6ICRmZWF0dXJlc1xufSJ9	action2	{"type":"tag","value":{"tag":"/root/PROJECT/TAGS/Nodes/Mirgalimsai_F/model_control","field":"trigger"},"is_strict":false,"max_step":null,"from":0}
prophet_mointy_220	false	none	none	get	eyJ0ZW1wbGF0ZSI6IntcbiAgIFwicHJlZGljdGlvbnNcIjogJHByZWRpY3Rcbn0ifQ==	none	none	none	post	eyJ0ZW1wbGF0ZSI6IntcbiAgICBcInBvaW50XCI6ICRwb2ludCxcbiAgICBcInR5cGVcIjogJHR5cGUsXG4gICAgXCJjb25maWdcIjogJGNvbmZpZyxcbiAgICBcImRhdGFcIjogJGRhdGEsXG4gICAgXCJyZWdyZXNzb3JcIjogJHJlZ3Jlc3NvcixcbiAgICBcImZlYXR1cmVzXCI6ICRmZWF0dXJlc1xufSJ9	action2	{"type":"tag","value":{"tag":"/root/PROJECT/TAGS/Nodes/Mointy_220_F/model_control","field":"trigger"},"is_strict":false,"max_step":null,"from":0}
prophet_nura	false	none	none	get	eyJ0ZW1wbGF0ZSI6IntcbiAgIFwicHJlZGljdGlvbnNcIjogJHByZWRpY3Rcbn0ifQ==	none	none	none	post	eyJ0ZW1wbGF0ZSI6IntcbiAgICBcInBvaW50XCI6ICRwb2ludCxcbiAgICBcInR5cGVcIjogJHR5cGUsXG4gICAgXCJjb25maWdcIjogJGNvbmZpZyxcbiAgICBcImRhdGFcIjogJGRhdGEsXG4gICAgXCJyZWdyZXNzb3JcIjogJHJlZ3Jlc3NvcixcbiAgICBcImZlYXR1cmVzXCI6ICRmZWF0dXJlc1xufSJ9	action2	{"type":"tag","value":{"tag":"/root/PROJECT/TAGS/Nodes/Nura_F/model_control","field":"trigger"},"is_strict":false,"max_step":null,"from":0}
prophet_nura_220	false	none	none	get	eyJ0ZW1wbGF0ZSI6IntcbiAgIFwicHJlZGljdGlvbnNcIjogJHByZWRpY3Rcbn0ifQ==	none	none	none	post	eyJ0ZW1wbGF0ZSI6IntcbiAgICBcInBvaW50XCI6ICRwb2ludCxcbiAgICBcInR5cGVcIjogJHR5cGUsXG4gICAgXCJjb25maWdcIjogJGNvbmZpZyxcbiAgICBcImRhdGFcIjogJGRhdGEsXG4gICAgXCJyZWdyZXNzb3JcIjogJHJlZ3Jlc3NvcixcbiAgICBcImZlYXR1cmVzXCI6ICRmZWF0dXJlc1xufSJ9	action2	{"type":"tag","value":{"tag":"/root/PROJECT/TAGS/Nodes/Nura_F/u220/model_control","field":"trigger"},"is_strict":false,"max_step":null,"from":0}
prophet_oskarovka_220	false	none	none	get	eyJ0ZW1wbGF0ZSI6IntcbiAgIFwicHJlZGljdGlvbnNcIjogJHByZWRpY3Rcbn0ifQ==	none	none	none	post	eyJ0ZW1wbGF0ZSI6IntcbiAgICBcInBvaW50XCI6ICRwb2ludCxcbiAgICBcInR5cGVcIjogJHR5cGUsXG4gICAgXCJjb25maWdcIjogJGNvbmZpZyxcbiAgICBcImRhdGFcIjogJGRhdGEsXG4gICAgXCJyZWdyZXNzb3JcIjogJHJlZ3Jlc3NvcixcbiAgICBcImZlYXR1cmVzXCI6ICRmZWF0dXJlc1xufSJ9	action2	{"type":"tag","value":{"tag":"/root/PROJECT/TAGS/Nodes/Oskarovka-220_F/model_control","field":"trigger"},"is_strict":false,"max_step":null,"from":0}
prophet_ps-egpp	false	none	none	get	eyJ0ZW1wbGF0ZSI6IntcbiAgIFwicHJlZGljdGlvbnNcIjogJHByZWRpY3Rcbn0ifQ==	none	none	none	post	eyJ0ZW1wbGF0ZSI6IntcbiAgICBcInBvaW50XCI6ICRwb2ludCxcbiAgICBcInR5cGVcIjogJHR5cGUsXG4gICAgXCJjb25maWdcIjogJGNvbmZpZyxcbiAgICBcImRhdGFcIjogJGRhdGEsXG4gICAgXCJyZWdyZXNzb3JcIjogJHJlZ3Jlc3NvcixcbiAgICBcImZlYXR1cmVzXCI6ICRmZWF0dXJlc1xufSJ9	action2	{"type":"tag","value":{"tag":"/root/PROJECT/TAGS/Nodes/PS-EGPP_F/model_control","field":"trigger"},"is_strict":false,"max_step":null,"from":0}
prophet_ps7-ahbk	false	none	none	get	eyJ0ZW1wbGF0ZSI6IntcbiAgIFwicHJlZGljdGlvbnNcIjogJHByZWRpY3Rcbn0ifQ==	none	none	none	post	eyJ0ZW1wbGF0ZSI6IntcbiAgICBcInBvaW50XCI6ICRwb2ludCxcbiAgICBcInR5cGVcIjogJHR5cGUsXG4gICAgXCJjb25maWdcIjogJGNvbmZpZyxcbiAgICBcImRhdGFcIjogJGRhdGEsXG4gICAgXCJyZWdyZXNzb3JcIjogJHJlZ3Jlc3NvcixcbiAgICBcImZlYXR1cmVzXCI6ICRmZWF0dXJlc1xufSJ9	action2	{"type":"tag","value":{"tag":"/root/PROJECT/TAGS/Nodes/PS7-AHBK_F/model_control","field":"trigger"},"is_strict":false,"max_step":null,"from":0}
prophet_robot	false	none	none	get	eyJ0ZW1wbGF0ZSI6IntcbiAgIFwicHJlZGljdGlvbnNcIjogJHByZWRpY3Rcbn0ifQ==	none	none	none	post	eyJ0ZW1wbGF0ZSI6IntcbiAgICBcInBvaW50XCI6ICRwb2ludCxcbiAgICBcInR5cGVcIjogJHR5cGUsXG4gICAgXCJjb25maWdcIjogJGNvbmZpZyxcbiAgICBcImRhdGFcIjogJGRhdGEsXG4gICAgXCJyZWdyZXNzb3JcIjogJHJlZ3Jlc3NvcixcbiAgICBcImZlYXR1cmVzXCI6ICRmZWF0dXJlc1xufSJ9	action2	{"type":"tag","value":{"tag":"/root/PROJECT/TAGS/Nodes/Robot_F/model_control","field":"trigger"},"is_strict":false,"max_step":null,"from":0}
prophet_ru-6	false	none	none	get	eyJ0ZW1wbGF0ZSI6IntcbiAgIFwicHJlZGljdGlvbnNcIjogJHByZWRpY3Rcbn0ifQ==	none	none	none	post	eyJ0ZW1wbGF0ZSI6IntcbiAgICBcInBvaW50XCI6ICRwb2ludCxcbiAgICBcInR5cGVcIjogJHR5cGUsXG4gICAgXCJjb25maWdcIjogJGNvbmZpZyxcbiAgICBcImRhdGFcIjogJGRhdGEsXG4gICAgXCJyZWdyZXNzb3JcIjogJHJlZ3Jlc3NvcixcbiAgICBcImZlYXR1cmVzXCI6ICRmZWF0dXJlc1xufSJ9	action2	{"type":"tag","value":{"tag":"/root/PROJECT/TAGS/Nodes/Ru-6_F/model_control","field":"trigger"},"is_strict":false,"max_step":null,"from":0}
prophet_rubtsovsk	false	none	none	get	eyJ0ZW1wbGF0ZSI6IntcbiAgIFwicHJlZGljdGlvbnNcIjogJHByZWRpY3Rcbn0ifQ==	none	none	none	post	eyJ0ZW1wbGF0ZSI6IntcbiAgICBcInBvaW50XCI6ICRwb2ludCxcbiAgICBcInR5cGVcIjogJHR5cGUsXG4gICAgXCJjb25maWdcIjogJGNvbmZpZyxcbiAgICBcImRhdGFcIjogJGRhdGEsXG4gICAgXCJyZWdyZXNzb3JcIjogJHJlZ3Jlc3NvcixcbiAgICBcImZlYXR1cmVzXCI6ICRmZWF0dXJlc1xufSJ9	action2	{"type":"tag","value":{"tag":"/root/PROJECT/TAGS/Nodes/Rubtsovsk_F/model_control","field":"trigger"},"is_strict":false,"max_step":null,"from":0}
prophet_semey	false	none	none	get	eyJ0ZW1wbGF0ZSI6IntcbiAgIFwicHJlZGljdGlvbnNcIjogJHByZWRpY3Rcbn0ifQ==	none	none	none	post	eyJ0ZW1wbGF0ZSI6IntcbiAgICBcInBvaW50XCI6ICRwb2ludCxcbiAgICBcInR5cGVcIjogJHR5cGUsXG4gICAgXCJjb25maWdcIjogJGNvbmZpZyxcbiAgICBcImRhdGFcIjogJGRhdGEsXG4gICAgXCJyZWdyZXNzb3JcIjogJHJlZ3Jlc3NvcixcbiAgICBcImZlYXR1cmVzXCI6ICRmZWF0dXJlc1xufSJ9	action2	{"type":"tag","value":{"tag":"/root/PROJECT/TAGS/Nodes/Semey_F/model_control","field":"trigger"},"is_strict":false,"max_step":null,"from":0}
prophet_semey_220	false	none	none	get	eyJ0ZW1wbGF0ZSI6IntcbiAgIFwicHJlZGljdGlvbnNcIjogJHByZWRpY3Rcbn0ifQ==	none	none	none	post	eyJ0ZW1wbGF0ZSI6IntcbiAgICBcInBvaW50XCI6ICRwb2ludCxcbiAgICBcInR5cGVcIjogJHR5cGUsXG4gICAgXCJjb25maWdcIjogJGNvbmZpZyxcbiAgICBcImRhdGFcIjogJGRhdGEsXG4gICAgXCJyZWdyZXNzb3JcIjogJHJlZ3Jlc3NvcixcbiAgICBcImZlYXR1cmVzXCI6ICRmZWF0dXJlc1xufSJ9	action2	{"type":"tag","value":{"tag":"/root/PROJECT/TAGS/Nodes/Semey_F/u220/model_control","field":"trigger"},"is_strict":false,"max_step":null,"from":0}
prophet_shu	false	none	none	get	eyJ0ZW1wbGF0ZSI6IntcbiAgIFwicHJlZGljdGlvbnNcIjogJHByZWRpY3Rcbn0ifQ==	none	none	none	post	eyJ0ZW1wbGF0ZSI6IntcbiAgICBcInBvaW50XCI6ICRwb2ludCxcbiAgICBcInR5cGVcIjogJHR5cGUsXG4gICAgXCJjb25maWdcIjogJGNvbmZpZyxcbiAgICBcImRhdGFcIjogJGRhdGEsXG4gICAgXCJyZWdyZXNzb3JcIjogJHJlZ3Jlc3NvcixcbiAgICBcImZlYXR1cmVzXCI6ICRmZWF0dXJlc1xufSJ9	action2	{"type":"tag","value":{"tag":"/root/PROJECT/TAGS/Nodes/Shu_F/model_control","field":"trigger"},"is_strict":false,"max_step":null,"from":0}
prophet_shu_220	false	none	none	get	eyJ0ZW1wbGF0ZSI6IntcbiAgIFwicHJlZGljdGlvbnNcIjogJHByZWRpY3Rcbn0ifQ==	none	none	none	post	eyJ0ZW1wbGF0ZSI6IntcbiAgICBcInBvaW50XCI6ICRwb2ludCxcbiAgICBcInR5cGVcIjogJHR5cGUsXG4gICAgXCJjb25maWdcIjogJGNvbmZpZyxcbiAgICBcImRhdGFcIjogJGRhdGEsXG4gICAgXCJyZWdyZXNzb3JcIjogJHJlZ3Jlc3NvcixcbiAgICBcImZlYXR1cmVzXCI6ICRmZWF0dXJlc1xufSJ9	action2	{"type":"tag","value":{"tag":"/root/PROJECT/TAGS/Nodes/Shu_F/u220/model_control","field":"trigger"},"is_strict":false,"max_step":null,"from":0}
prophet_shymkent	false	none	none	get	eyJ0ZW1wbGF0ZSI6IntcbiAgIFwicHJlZGljdGlvbnNcIjogJHByZWRpY3Rcbn0ifQ==	none	none	none	post	eyJ0ZW1wbGF0ZSI6IntcbiAgICBcInBvaW50XCI6ICRwb2ludCxcbiAgICBcInR5cGVcIjogJHR5cGUsXG4gICAgXCJjb25maWdcIjogJGNvbmZpZyxcbiAgICBcImRhdGFcIjogJGRhdGEsXG4gICAgXCJyZWdyZXNzb3JcIjogJHJlZ3Jlc3NvcixcbiAgICBcImZlYXR1cmVzXCI6ICRmZWF0dXJlc1xufSJ9	action2	{"type":"tag","value":{"tag":"/root/PROJECT/TAGS/Nodes/Shymkent_F/model_control","field":"trigger"},"is_strict":false,"max_step":null,"from":0}
prophet_shymkent_220	false	none	none	get	eyJ0ZW1wbGF0ZSI6IntcbiAgIFwicHJlZGljdGlvbnNcIjogJHByZWRpY3Rcbn0ifQ==	none	none	none	post	eyJ0ZW1wbGF0ZSI6IntcbiAgICBcInBvaW50XCI6ICRwb2ludCxcbiAgICBcInR5cGVcIjogJHR5cGUsXG4gICAgXCJjb25maWdcIjogJGNvbmZpZyxcbiAgICBcImRhdGFcIjogJGRhdGEsXG4gICAgXCJyZWdyZXNzb3JcIjogJHJlZ3Jlc3NvcixcbiAgICBcImZlYXR1cmVzXCI6ICRmZWF0dXJlc1xufSJ9	action2	{"type":"tag","value":{"tag":"/root/PROJECT/TAGS/Nodes/Shymkent_F/u220/model_control","field":"trigger"},"is_strict":false,"max_step":null,"from":0}
prophet_shymkentskaya	false	none	none	get	eyJ0ZW1wbGF0ZSI6IntcbiAgIFwicHJlZGljdGlvbnNcIjogJHByZWRpY3Rcbn0ifQ==	none	none	none	post	eyJ0ZW1wbGF0ZSI6IntcbiAgICBcInBvaW50XCI6ICRwb2ludCxcbiAgICBcInR5cGVcIjogJHR5cGUsXG4gICAgXCJjb25maWdcIjogJGNvbmZpZyxcbiAgICBcImRhdGFcIjogJGRhdGEsXG4gICAgXCJyZWdyZXNzb3JcIjogJHJlZ3Jlc3NvcixcbiAgICBcImZlYXR1cmVzXCI6ICRmZWF0dXJlc1xufSJ9	action2	{"type":"tag","value":{"tag":"/root/PROJECT/TAGS/Nodes/Shymkentskaya_F/model_control","field":"trigger"},"is_strict":false,"max_step":null,"from":0}
prophet_sibir	false	none	none	get	eyJ0ZW1wbGF0ZSI6IntcbiAgIFwicHJlZGljdGlvbnNcIjogJHByZWRpY3Rcbn0ifQ==	none	none	none	post	eyJ0ZW1wbGF0ZSI6IntcbiAgICBcInBvaW50XCI6ICRwb2ludCxcbiAgICBcInR5cGVcIjogJHR5cGUsXG4gICAgXCJjb25maWdcIjogJGNvbmZpZyxcbiAgICBcImRhdGFcIjogJGRhdGEsXG4gICAgXCJyZWdyZXNzb3JcIjogJHJlZ3Jlc3NvcixcbiAgICBcImZlYXR1cmVzXCI6ICRmZWF0dXJlc1xufSJ9	action2	{"type":"tag","value":{"tag":"/root/PROJECT/TAGS/Nodes/Sibir_F/model_control","field":"trigger"},"is_strict":false,"max_step":null,"from":0}
prophet_sistema-ural	false	none	none	get	eyJ0ZW1wbGF0ZSI6IntcbiAgIFwicHJlZGljdGlvbnNcIjogJHByZWRpY3Rcbn0ifQ==	none	none	none	post	eyJ0ZW1wbGF0ZSI6IntcbiAgICBcInBvaW50XCI6ICRwb2ludCxcbiAgICBcInR5cGVcIjogJHR5cGUsXG4gICAgXCJjb25maWdcIjogJGNvbmZpZyxcbiAgICBcImRhdGFcIjogJGRhdGEsXG4gICAgXCJyZWdyZXNzb3JcIjogJHJlZ3Jlc3NvcixcbiAgICBcImZlYXR1cmVzXCI6ICRmZWF0dXJlc1xufSJ9	action2	{"type":"tag","value":{"tag":"/root/PROJECT/TAGS/Nodes/Sistema-Ural_F/model_control","field":"trigger"},"is_strict":false,"max_step":null,"from":0}
prophet_sokol	false	none	none	get	eyJ0ZW1wbGF0ZSI6IntcbiAgIFwicHJlZGljdGlvbnNcIjogJHByZWRpY3Rcbn0ifQ==	none	none	none	post	eyJ0ZW1wbGF0ZSI6IntcbiAgICBcInBvaW50XCI6ICRwb2ludCxcbiAgICBcInR5cGVcIjogJHR5cGUsXG4gICAgXCJjb25maWdcIjogJGNvbmZpZyxcbiAgICBcImRhdGFcIjogJGRhdGEsXG4gICAgXCJyZWdyZXNzb3JcIjogJHJlZ3Jlc3NvcixcbiAgICBcImZlYXR1cmVzXCI6ICRmZWF0dXJlc1xufSJ9	action2	{"type":"tag","value":{"tag":"/root/PROJECT/TAGS/Nodes/Sokol_F/model_control","field":"trigger"},"is_strict":false,"max_step":null,"from":0}
prophet_taldykorgan	false	none	none	get	eyJ0ZW1wbGF0ZSI6IntcbiAgIFwicHJlZGljdGlvbnNcIjogJHByZWRpY3Rcbn0ifQ==	none	none	none	post	eyJ0ZW1wbGF0ZSI6IntcbiAgICBcInBvaW50XCI6ICRwb2ludCxcbiAgICBcInR5cGVcIjogJHR5cGUsXG4gICAgXCJjb25maWdcIjogJGNvbmZpZyxcbiAgICBcImRhdGFcIjogJGRhdGEsXG4gICAgXCJyZWdyZXNzb3JcIjogJHJlZ3Jlc3NvcixcbiAgICBcImZlYXR1cmVzXCI6ICRmZWF0dXJlc1xufSJ9	action2	{"type":"tag","value":{"tag":"/root/PROJECT/TAGS/Nodes/Taldykorgan_F/model_control","field":"trigger"},"is_strict":false,"max_step":null,"from":0}
prophet_taldykorgan_220	false	none	none	get	eyJ0ZW1wbGF0ZSI6IntcbiAgIFwicHJlZGljdGlvbnNcIjogJHByZWRpY3Rcbn0ifQ==	none	none	none	post	eyJ0ZW1wbGF0ZSI6IntcbiAgICBcInBvaW50XCI6ICRwb2ludCxcbiAgICBcInR5cGVcIjogJHR5cGUsXG4gICAgXCJjb25maWdcIjogJGNvbmZpZyxcbiAgICBcImRhdGFcIjogJGRhdGEsXG4gICAgXCJyZWdyZXNzb3JcIjogJHJlZ3Jlc3NvcixcbiAgICBcImZlYXR1cmVzXCI6ICRmZWF0dXJlc1xufSJ9	action2	{"type":"tag","value":{"tag":"/root/PROJECT/TAGS/Nodes/Taldykorgan_F/u220/model_control","field":"trigger"},"is_strict":false,"max_step":null,"from":0}
prophet_tashkent	false	none	none	get	eyJ0ZW1wbGF0ZSI6IntcbiAgIFwicHJlZGljdGlvbnNcIjogJHByZWRpY3Rcbn0ifQ==	none	none	none	post	eyJ0ZW1wbGF0ZSI6IntcbiAgICBcInBvaW50XCI6ICRwb2ludCxcbiAgICBcInR5cGVcIjogJHR5cGUsXG4gICAgXCJjb25maWdcIjogJGNvbmZpZyxcbiAgICBcImRhdGFcIjogJGRhdGEsXG4gICAgXCJyZWdyZXNzb3JcIjogJHJlZ3Jlc3NvcixcbiAgICBcImZlYXR1cmVzXCI6ICRmZWF0dXJlc1xufSJ9	action2	{"type":"tag","value":{"tag":"/root/PROJECT/TAGS/Nodes/Tashkent_F/model_control","field":"trigger"},"is_strict":false,"max_step":null,"from":0}
prophet_tavricheskaya	false	none	none	get	eyJ0ZW1wbGF0ZSI6IntcbiAgIFwicHJlZGljdGlvbnNcIjogJHByZWRpY3Rcbn0ifQ==	none	none	none	post	eyJ0ZW1wbGF0ZSI6IntcbiAgICBcInBvaW50XCI6ICRwb2ludCxcbiAgICBcInR5cGVcIjogJHR5cGUsXG4gICAgXCJjb25maWdcIjogJGNvbmZpZyxcbiAgICBcImRhdGFcIjogJGRhdGEsXG4gICAgXCJyZWdyZXNzb3JcIjogJHJlZ3Jlc3NvcixcbiAgICBcImZlYXR1cmVzXCI6ICRmZWF0dXJlc1xufSJ9	action2	{"type":"tag","value":{"tag":"/root/PROJECT/TAGS/Nodes/Tavricheskaya_F/model_control","field":"trigger"},"is_strict":false,"max_step":null,"from":0}
prophet_ukgres	false	none	none	get	eyJ0ZW1wbGF0ZSI6IntcbiAgIFwicHJlZGljdGlvbnNcIjogJHByZWRpY3Rcbn0ifQ==	none	none	none	post	eyJ0ZW1wbGF0ZSI6IntcbiAgICBcInBvaW50XCI6ICRwb2ludCxcbiAgICBcInR5cGVcIjogJHR5cGUsXG4gICAgXCJjb25maWdcIjogJGNvbmZpZyxcbiAgICBcImRhdGFcIjogJGRhdGEsXG4gICAgXCJyZWdyZXNzb3JcIjogJHJlZ3Jlc3NvcixcbiAgICBcImZlYXR1cmVzXCI6ICRmZWF0dXJlc1xufSJ9	action2	{"type":"tag","value":{"tag":"/root/PROJECT/TAGS/Nodes/UKGRES_F/model_control","field":"trigger"},"is_strict":false,"max_step":null,"from":0}
prophet_ukgres_220	false	none	none	get	eyJ0ZW1wbGF0ZSI6IntcbiAgIFwicHJlZGljdGlvbnNcIjogJHByZWRpY3Rcbn0ifQ==	none	none	none	post	eyJ0ZW1wbGF0ZSI6IntcbiAgICBcInBvaW50XCI6ICRwb2ludCxcbiAgICBcInR5cGVcIjogJHR5cGUsXG4gICAgXCJjb25maWdcIjogJGNvbmZpZyxcbiAgICBcImRhdGFcIjogJGRhdGEsXG4gICAgXCJyZWdyZXNzb3JcIjogJHJlZ3Jlc3NvcixcbiAgICBcImZlYXR1cmVzXCI6ICRmZWF0dXJlc1xufSJ9	action2	{"type":"tag","value":{"tag":"/root/PROJECT/TAGS/Nodes/UKGRES_F/u220/model_control","field":"trigger"},"is_strict":false,"max_step":null,"from":0}
prophet_usti-kamenogorsk	false	none	none	get	eyJ0ZW1wbGF0ZSI6IntcbiAgIFwicHJlZGljdGlvbnNcIjogJHByZWRpY3Rcbn0ifQ==	none	none	none	post	eyJ0ZW1wbGF0ZSI6IntcbiAgICBcInBvaW50XCI6ICRwb2ludCxcbiAgICBcInR5cGVcIjogJHR5cGUsXG4gICAgXCJjb25maWdcIjogJGNvbmZpZyxcbiAgICBcImRhdGFcIjogJGRhdGEsXG4gICAgXCJyZWdyZXNzb3JcIjogJHJlZ3Jlc3NvcixcbiAgICBcImZlYXR1cmVzXCI6ICRmZWF0dXJlc1xufSJ9	action2	{"type":"tag","value":{"tag":"/root/PROJECT/TAGS/Nodes/Usti-Kamenogorsk_F/model_control","field":"trigger"},"is_strict":false,"max_step":null,"from":0}
prophet_usti-kamenogorsk_220	false	none	none	get	eyJ0ZW1wbGF0ZSI6IntcbiAgIFwicHJlZGljdGlvbnNcIjogJHByZWRpY3Rcbn0ifQ==	none	none	none	post	eyJ0ZW1wbGF0ZSI6IntcbiAgICBcInBvaW50XCI6ICRwb2ludCxcbiAgICBcInR5cGVcIjogJHR5cGUsXG4gICAgXCJjb25maWdcIjogJGNvbmZpZyxcbiAgICBcImRhdGFcIjogJGRhdGEsXG4gICAgXCJyZWdyZXNzb3JcIjogJHJlZ3Jlc3NvcixcbiAgICBcImZlYXR1cmVzXCI6ICRmZWF0dXJlc1xufSJ9	action2	{"type":"tag","value":{"tag":"/root/PROJECT/TAGS/Nodes/Usti-Kamenogorsk_F/u220/model_control","field":"trigger"},"is_strict":false,"max_step":null,"from":0}
prophet_zapadnaya_220	false	none	none	get	eyJ0ZW1wbGF0ZSI6IntcbiAgIFwicHJlZGljdGlvbnNcIjogJHByZWRpY3Rcbn0ifQ==	none	none	none	post	eyJ0ZW1wbGF0ZSI6IntcbiAgICBcInBvaW50XCI6ICRwb2ludCxcbiAgICBcInR5cGVcIjogJHR5cGUsXG4gICAgXCJjb25maWdcIjogJGNvbmZpZyxcbiAgICBcImRhdGFcIjogJGRhdGEsXG4gICAgXCJyZWdyZXNzb3JcIjogJHJlZ3Jlc3NvcixcbiAgICBcImZlYXR1cmVzXCI6ICRmZWF0dXJlc1xufSJ9	action2	{"type":"tag","value":{"tag":"/root/PROJECT/TAGS/Nodes/Zapadnaya_220_F/model_control","field":"trigger"},"is_strict":false,"max_step":null,"from":0}
prophet_zhambyl	false	none	none	get	eyJ0ZW1wbGF0ZSI6IntcbiAgIFwicHJlZGljdGlvbnNcIjogJHByZWRpY3Rcbn0ifQ==	none	none	none	post	eyJ0ZW1wbGF0ZSI6IntcbiAgICBcInBvaW50XCI6ICRwb2ludCxcbiAgICBcInR5cGVcIjogJHR5cGUsXG4gICAgXCJjb25maWdcIjogJGNvbmZpZyxcbiAgICBcImRhdGFcIjogJGRhdGEsXG4gICAgXCJyZWdyZXNzb3JcIjogJHJlZ3Jlc3NvcixcbiAgICBcImZlYXR1cmVzXCI6ICRmZWF0dXJlc1xufSJ9	action2	{"type":"tag","value":{"tag":"/root/PROJECT/TAGS/Nodes/Zhambyl_F/model_control","field":"trigger"},"is_strict":false,"max_step":null,"from":0}
prophet_zhambyl_220	false	none	none	get	eyJ0ZW1wbGF0ZSI6IntcbiAgIFwicHJlZGljdGlvbnNcIjogJHByZWRpY3Rcbn0ifQ==	none	none	none	post	eyJ0ZW1wbGF0ZSI6IntcbiAgICBcInBvaW50XCI6ICRwb2ludCxcbiAgICBcInR5cGVcIjogJHR5cGUsXG4gICAgXCJjb25maWdcIjogJGNvbmZpZyxcbiAgICBcImRhdGFcIjogJGRhdGEsXG4gICAgXCJyZWdyZXNzb3JcIjogJHJlZ3Jlc3NvcixcbiAgICBcImZlYXR1cmVzXCI6ICRmZWF0dXJlc1xufSJ9	action2	{"type":"tag","value":{"tag":"/root/PROJECT/TAGS/Nodes/Zhambyl_F/u220/model_control","field":"trigger"},"is_strict":false,"max_step":null,"from":0}
prophet_zhanakorgan	false	none	none	get	eyJ0ZW1wbGF0ZSI6IntcbiAgIFwicHJlZGljdGlvbnNcIjogJHByZWRpY3Rcbn0ifQ==	none	none	none	post	eyJ0ZW1wbGF0ZSI6IntcbiAgICBcInBvaW50XCI6ICRwb2ludCxcbiAgICBcInR5cGVcIjogJHR5cGUsXG4gICAgXCJjb25maWdcIjogJGNvbmZpZyxcbiAgICBcImRhdGFcIjogJGRhdGEsXG4gICAgXCJyZWdyZXNzb3JcIjogJHJlZ3Jlc3NvcixcbiAgICBcImZlYXR1cmVzXCI6ICRmZWF0dXJlc1xufSJ9	action2	{"type":"tag","value":{"tag":"/root/PROJECT/TAGS/Nodes/Zhanakorgan_F/model_control","field":"trigger"},"is_strict":false,"max_step":null,"from":0}
prophet_zhezkazgan	false	none	none	get	eyJ0ZW1wbGF0ZSI6IntcbiAgIFwicHJlZGljdGlvbnNcIjogJHByZWRpY3Rcbn0ifQ==	none	none	none	post	eyJ0ZW1wbGF0ZSI6IntcbiAgICBcInBvaW50XCI6ICRwb2ludCxcbiAgICBcInR5cGVcIjogJHR5cGUsXG4gICAgXCJjb25maWdcIjogJGNvbmZpZyxcbiAgICBcImRhdGFcIjogJGRhdGEsXG4gICAgXCJyZWdyZXNzb3JcIjogJHJlZ3Jlc3NvcixcbiAgICBcImZlYXR1cmVzXCI6ICRmZWF0dXJlc1xufSJ9	action2	{"type":"tag","value":{"tag":"/root/PROJECT/TAGS/Nodes/Zhezkazgan_F/model_control","field":"trigger"},"is_strict":false,"max_step":null,"from":0}
prophet_zhezkazgan_220	false	none	none	get	eyJ0ZW1wbGF0ZSI6IntcbiAgIFwicHJlZGljdGlvbnNcIjogJHByZWRpY3Rcbn0ifQ==	none	none	none	post	eyJ0ZW1wbGF0ZSI6IntcbiAgICBcInBvaW50XCI6ICRwb2ludCxcbiAgICBcInR5cGVcIjogJHR5cGUsXG4gICAgXCJjb25maWdcIjogJGNvbmZpZyxcbiAgICBcImRhdGFcIjogJGRhdGEsXG4gICAgXCJyZWdyZXNzb3JcIjogJHJlZ3Jlc3NvcixcbiAgICBcImZlYXR1cmVzXCI6ICRmZWF0dXJlc1xufSJ9	action2	{"type":"tag","value":{"tag":"/root/PROJECT/TAGS/Nodes/Zhezkazgan_F/u220/model_control","field":"trigger"},"is_strict":false,"max_step":null,"from":0}
prophet_zhgres_220	false	none	none	get	eyJ0ZW1wbGF0ZSI6IntcbiAgIFwicHJlZGljdGlvbnNcIjogJHByZWRpY3Rcbn0ifQ==	none	none	none	post	eyJ0ZW1wbGF0ZSI6IntcbiAgICBcInBvaW50XCI6ICRwb2ludCxcbiAgICBcInR5cGVcIjogJHR5cGUsXG4gICAgXCJjb25maWdcIjogJGNvbmZpZyxcbiAgICBcImRhdGFcIjogJGRhdGEsXG4gICAgXCJyZWdyZXNzb3JcIjogJHJlZ3Jlc3NvcixcbiAgICBcImZlYXR1cmVzXCI6ICRmZWF0dXJlc1xufSJ9	action2	{"type":"tag","value":{"tag":"/root/PROJECT/TAGS/Nodes/ZhGRES_220_F/model_control","field":"trigger"},"is_strict":false,"max_step":null,"from":0}
prophet_zhylga_220	false	none	none	get	eyJ0ZW1wbGF0ZSI6IntcbiAgIFwicHJlZGljdGlvbnNcIjogJHByZWRpY3Rcbn0ifQ==	none	none	none	post	eyJ0ZW1wbGF0ZSI6IntcbiAgICBcInBvaW50XCI6ICRwb2ludCxcbiAgICBcInR5cGVcIjogJHR5cGUsXG4gICAgXCJjb25maWdcIjogJGNvbmZpZyxcbiAgICBcImRhdGFcIjogJGRhdGEsXG4gICAgXCJyZWdyZXNzb3JcIjogJHJlZ3Jlc3NvcixcbiAgICBcImZlYXR1cmVzXCI6ICRmZWF0dXJlc1xufSJ9	action2	{"type":"tag","value":{"tag":"/root/PROJECT/TAGS/Nodes/Zhylga_220_F/model_control","field":"trigger"},"is_strict":false,"max_step":null,"from":0}
prophet_cgpp_220	false	none	none	get	eyJ0ZW1wbGF0ZSI6IntcbiAgIFwicHJlZGljdGlvbnNcIjogJHByZWRpY3Rcbn0ifQ==	none	none	none	post	eyJ0ZW1wbGF0ZSI6IntcbiAgICBcInBvaW50XCI6ICRwb2ludCxcbiAgICBcInR5cGVcIjogJHR5cGUsXG4gICAgXCJjb25maWdcIjogJGNvbmZpZyxcbiAgICBcImRhdGFcIjogJGRhdGEsXG4gICAgXCJyZWdyZXNzb3JcIjogJHJlZ3Jlc3NvcixcbiAgICBcImZlYXR1cmVzXCI6ICRmZWF0dXJlc1xufSJ9	action2	{"type":"tag","value":{"tag":"/root/PROJECT/TAGS/Nodes/CGPP_F/u220/model_control","field":"trigger"},"is_strict":false,"max_step":null,"from":0}
prophet_tashgres	false	none	none	get	eyJ0ZW1wbGF0ZSI6IntcbiAgIFwicHJlZGljdGlvbnNcIjogJHByZWRpY3Rcbn0ifQ==	none	none	none	post	eyJ0ZW1wbGF0ZSI6IntcbiAgICBcInBvaW50XCI6ICRwb2ludCxcbiAgICBcInR5cGVcIjogJHR5cGUsXG4gICAgXCJjb25maWdcIjogJGNvbmZpZyxcbiAgICBcImRhdGFcIjogJGRhdGEsXG4gICAgXCJyZWdyZXNzb3JcIjogJHJlZ3Jlc3NvcixcbiAgICBcImZlYXR1cmVzXCI6ICRmZWF0dXJlc1xufSJ9	action2	{"type":"tag","value":{"tag":"/root/PROJECT/TAGS/Nodes/TashGRES_F/model_control","field":"trigger"},"is_strict":false,"max_step":null,"from":0}
prophet_tashgres_220	false	none	none	get	eyJ0ZW1wbGF0ZSI6IntcbiAgIFwicHJlZGljdGlvbnNcIjogJHByZWRpY3Rcbn0ifQ==	none	none	none	post	eyJ0ZW1wbGF0ZSI6IntcbiAgICBcInBvaW50XCI6ICRwb2ludCxcbiAgICBcInR5cGVcIjogJHR5cGUsXG4gICAgXCJjb25maWdcIjogJGNvbmZpZyxcbiAgICBcImRhdGFcIjogJGRhdGEsXG4gICAgXCJyZWdyZXNzb3JcIjogJHJlZ3Jlc3NvcixcbiAgICBcImZlYXR1cmVzXCI6ICRmZWF0dXJlc1xufSJ9	action2	{"type":"tag","value":{"tag":"/root/PROJECT/TAGS/Nodes/TashGRES_F/u220/model_control","field":"trigger"},"is_strict":false,"max_step":null,"from":0}
prophet_egres-1_20	false	none	none	get	eyJ0ZW1wbGF0ZSI6IntcbiAgIFwicHJlZGljdGlvbnNcIjogJHByZWRpY3Rcbn0ifQ==	none	none	none	post	eyJ0ZW1wbGF0ZSI6IntcbiAgICBcInBvaW50XCI6ICRwb2ludCxcbiAgICBcInR5cGVcIjogJHR5cGUsXG4gICAgXCJjb25maWdcIjogJGNvbmZpZyxcbiAgICBcImRhdGFcIjogJGRhdGEsXG4gICAgXCJyZWdyZXNzb3JcIjogJHJlZ3Jlc3NvcixcbiAgICBcImZlYXR1cmVzXCI6ICRmZWF0dXJlc1xufSJ9	action2	{"type":"tag","value":{"tag":"/root/PROJECT/TAGS/Nodes/EGRES-1_F/u20/model_control","field":"trigger"},"is_strict":false,"max_step":null,"from":0}
prophet_pu_Almaty_Alma	false	none	none	get	eyJ0ZW1wbGF0ZSI6IntcbiAgIFwicHJlZGljdGlvbnNcIjogJHByZWRpY3Rcbn0ifQ==	none	none	none	post	eyJ0ZW1wbGF0ZSI6IntcbiAgICBcInBvaW50XCI6ICRwb2ludCxcbiAgICBcInR5cGVcIjogJHR5cGUsXG4gICAgXCJjb25maWdcIjogJGNvbmZpZyxcbiAgICBcImRhdGFcIjogJGRhdGEsXG4gICAgXCJyZWdyZXNzb3JcIjogJHJlZ3Jlc3NvcixcbiAgICBcImZlYXR1cmVzXCI6ICRmZWF0dXJlc1xufSJ9	action2	{"type":"tag","value":{"tag":"/root/PROJECT/TAGS/Nodes/pu_Almaty_Alma_F/model_control","field":"trigger"},"is_strict":false,"max_step":null,"from":0}
prophet_pu_CGPP_EGRES-1	false	none	none	get	eyJ0ZW1wbGF0ZSI6IntcbiAgIFwicHJlZGljdGlvbnNcIjogJHByZWRpY3Rcbn0ifQ==	none	none	none	post	eyJ0ZW1wbGF0ZSI6IntcbiAgICBcInBvaW50XCI6ICRwb2ludCxcbiAgICBcInR5cGVcIjogJHR5cGUsXG4gICAgXCJjb25maWdcIjogJGNvbmZpZyxcbiAgICBcImRhdGFcIjogJGRhdGEsXG4gICAgXCJyZWdyZXNzb3JcIjogJHJlZ3Jlc3NvcixcbiAgICBcImZlYXR1cmVzXCI6ICRmZWF0dXJlc1xufSJ9	action2	{"type":"tag","value":{"tag":"/root/PROJECT/TAGS/Nodes/pu_CGPP_EGRES-1_F/model_control","field":"trigger"},"is_strict":false,"max_step":null,"from":0}
prophet_pu_CGPP_Oskarovka	false	none	none	get	eyJ0ZW1wbGF0ZSI6IntcbiAgIFwicHJlZGljdGlvbnNcIjogJHByZWRpY3Rcbn0ifQ==	none	none	none	post	eyJ0ZW1wbGF0ZSI6IntcbiAgICBcInBvaW50XCI6ICRwb2ludCxcbiAgICBcInR5cGVcIjogJHR5cGUsXG4gICAgXCJjb25maWdcIjogJGNvbmZpZyxcbiAgICBcImRhdGFcIjogJGRhdGEsXG4gICAgXCJyZWdyZXNzb3JcIjogJHJlZ3Jlc3NvcixcbiAgICBcImZlYXR1cmVzXCI6ICRmZWF0dXJlc1xufSJ9	action2	{"type":"tag","value":{"tag":"/root/PROJECT/TAGS/Nodes/pu_CGPP_Oskarovka_F/model_control","field":"trigger"},"is_strict":false,"max_step":null,"from":0}
prophet_pu_EEC_Semey	false	none	none	get	eyJ0ZW1wbGF0ZSI6IntcbiAgIFwicHJlZGljdGlvbnNcIjogJHByZWRpY3Rcbn0ifQ==	none	none	none	post	eyJ0ZW1wbGF0ZSI6IntcbiAgICBcInBvaW50XCI6ICRwb2ludCxcbiAgICBcInR5cGVcIjogJHR5cGUsXG4gICAgXCJjb25maWdcIjogJGNvbmZpZyxcbiAgICBcImRhdGFcIjogJGRhdGEsXG4gICAgXCJyZWdyZXNzb3JcIjogJHJlZ3Jlc3NvcixcbiAgICBcImZlYXR1cmVzXCI6ICRmZWF0dXJlc1xufSJ9	action2	{"type":"tag","value":{"tag":"/root/PROJECT/TAGS/Nodes/pu_EEC_Semey_F/model_control","field":"trigger"},"is_strict":false,"max_step":null,"from":0}
prophet_pu_EGRES-1_EEC	false	none	none	get	eyJ0ZW1wbGF0ZSI6IntcbiAgIFwicHJlZGljdGlvbnNcIjogJHByZWRpY3Rcbn0ifQ==	none	none	none	post	eyJ0ZW1wbGF0ZSI6IntcbiAgICBcInBvaW50XCI6ICRwb2ludCxcbiAgICBcInR5cGVcIjogJHR5cGUsXG4gICAgXCJjb25maWdcIjogJGNvbmZpZyxcbiAgICBcImRhdGFcIjogJGRhdGEsXG4gICAgXCJyZWdyZXNzb3JcIjogJHJlZ3Jlc3NvcixcbiAgICBcImZlYXR1cmVzXCI6ICRmZWF0dXJlc1xufSJ9	action2	{"type":"tag","value":{"tag":"/root/PROJECT/TAGS/Nodes/pu_EGRES-1_EEC_F/model_control","field":"trigger"},"is_strict":false,"max_step":null,"from":0}
prophet_pu_EGRES-1_Oskarovka	false	none	none	get	eyJ0ZW1wbGF0ZSI6IntcbiAgIFwicHJlZGljdGlvbnNcIjogJHByZWRpY3Rcbn0ifQ==	none	none	none	post	eyJ0ZW1wbGF0ZSI6IntcbiAgICBcInBvaW50XCI6ICRwb2ludCxcbiAgICBcInR5cGVcIjogJHR5cGUsXG4gICAgXCJjb25maWdcIjogJGNvbmZpZyxcbiAgICBcImRhdGFcIjogJGRhdGEsXG4gICAgXCJyZWdyZXNzb3JcIjogJHJlZ3Jlc3NvcixcbiAgICBcImZlYXR1cmVzXCI6ICRmZWF0dXJlc1xufSJ9	action2	{"type":"tag","value":{"tag":"/root/PROJECT/TAGS/Nodes/pu_EGRES-1_Oskarovka_F/model_control","field":"trigger"},"is_strict":false,"max_step":null,"from":0}
prophet_pu_Frunze_Kemin	false	none	none	get	eyJ0ZW1wbGF0ZSI6IntcbiAgIFwicHJlZGljdGlvbnNcIjogJHByZWRpY3Rcbn0ifQ==	none	none	none	post	eyJ0ZW1wbGF0ZSI6IntcbiAgICBcInBvaW50XCI6ICRwb2ludCxcbiAgICBcInR5cGVcIjogJHR5cGUsXG4gICAgXCJjb25maWdcIjogJGNvbmZpZyxcbiAgICBcImRhdGFcIjogJGRhdGEsXG4gICAgXCJyZWdyZXNzb3JcIjogJHJlZ3Jlc3NvcixcbiAgICBcImZlYXR1cmVzXCI6ICRmZWF0dXJlc1xufSJ9	action2	{"type":"tag","value":{"tag":"/root/PROJECT/TAGS/Nodes/pu_Frunze_Kemin_F/model_control","field":"trigger"},"is_strict":false,"max_step":null,"from":0}
prophet_pu_Glavnaya_Frunze	false	none	none	get	eyJ0ZW1wbGF0ZSI6IntcbiAgIFwicHJlZGljdGlvbnNcIjogJHByZWRpY3Rcbn0ifQ==	none	none	none	post	eyJ0ZW1wbGF0ZSI6IntcbiAgICBcInBvaW50XCI6ICRwb2ludCxcbiAgICBcInR5cGVcIjogJHR5cGUsXG4gICAgXCJjb25maWdcIjogJGNvbmZpZyxcbiAgICBcImRhdGFcIjogJGRhdGEsXG4gICAgXCJyZWdyZXNzb3JcIjogJHJlZ3Jlc3NvcixcbiAgICBcImZlYXR1cmVzXCI6ICRmZWF0dXJlc1xufSJ9	action2	{"type":"tag","value":{"tag":"/root/PROJECT/TAGS/Nodes/pu_Glavnaya_Frunze_F/model_control","field":"trigger"},"is_strict":false,"max_step":null,"from":0}
prophet_pu_Glavnaya_Kemin	false	none	none	get	eyJ0ZW1wbGF0ZSI6IntcbiAgIFwicHJlZGljdGlvbnNcIjogJHByZWRpY3Rcbn0ifQ==	none	none	none	post	eyJ0ZW1wbGF0ZSI6IntcbiAgICBcInBvaW50XCI6ICRwb2ludCxcbiAgICBcInR5cGVcIjogJHR5cGUsXG4gICAgXCJjb25maWdcIjogJGNvbmZpZyxcbiAgICBcImRhdGFcIjogJGRhdGEsXG4gICAgXCJyZWdyZXNzb3JcIjogJHJlZ3Jlc3NvcixcbiAgICBcImZlYXR1cmVzXCI6ICRmZWF0dXJlc1xufSJ9	action2	{"type":"tag","value":{"tag":"/root/PROJECT/TAGS/Nodes/pu_Glavnaya_Kemin_F/model_control","field":"trigger"},"is_strict":false,"max_step":null,"from":0}
prophet_pu_GNPS_F	false	none	none	get	eyJ0ZW1wbGF0ZSI6IntcbiAgIFwicHJlZGljdGlvbnNcIjogJHByZWRpY3Rcbn0ifQ==	none	none	none	post	eyJ0ZW1wbGF0ZSI6IntcbiAgICBcInBvaW50XCI6ICRwb2ludCxcbiAgICBcInR5cGVcIjogJHR5cGUsXG4gICAgXCJjb25maWdcIjogJGNvbmZpZyxcbiAgICBcImRhdGFcIjogJGRhdGEsXG4gICAgXCJyZWdyZXNzb3JcIjogJHJlZ3Jlc3NvcixcbiAgICBcImZlYXR1cmVzXCI6ICRmZWF0dXJlc1xufSJ9	action2	{"type":"tag","value":{"tag":"/root/PROJECT/TAGS/Nodes/pu_GNPS_F/model_control","field":"trigger"},"is_strict":false,"max_step":null,"from":0}
prophet_pu_KarGRES_Agadyr	false	none	none	get	eyJ0ZW1wbGF0ZSI6IntcbiAgIFwicHJlZGljdGlvbnNcIjogJHByZWRpY3Rcbn0ifQ==	none	none	none	post	eyJ0ZW1wbGF0ZSI6IntcbiAgICBcInBvaW50XCI6ICRwb2ludCxcbiAgICBcInR5cGVcIjogJHR5cGUsXG4gICAgXCJjb25maWdcIjogJGNvbmZpZyxcbiAgICBcImRhdGFcIjogJGRhdGEsXG4gICAgXCJyZWdyZXNzb3JcIjogJHJlZ3Jlc3NvcixcbiAgICBcImZlYXR1cmVzXCI6ICRmZWF0dXJlc1xufSJ9	action2	{"type":"tag","value":{"tag":"/root/PROJECT/TAGS/Nodes/pu_KarGRES_Agadyr_F/model_control","field":"trigger"},"is_strict":false,"max_step":null,"from":0}
prophet_pu_KarGRES_Balkhashskaya	false	none	none	get	eyJ0ZW1wbGF0ZSI6IntcbiAgIFwicHJlZGljdGlvbnNcIjogJHByZWRpY3Rcbn0ifQ==	none	none	none	post	eyJ0ZW1wbGF0ZSI6IntcbiAgICBcInBvaW50XCI6ICRwb2ludCxcbiAgICBcInR5cGVcIjogJHR5cGUsXG4gICAgXCJjb25maWdcIjogJGNvbmZpZyxcbiAgICBcImRhdGFcIjogJGRhdGEsXG4gICAgXCJyZWdyZXNzb3JcIjogJHJlZ3Jlc3NvcixcbiAgICBcImZlYXR1cmVzXCI6ICRmZWF0dXJlc1xufSJ9	action2	{"type":"tag","value":{"tag":"/root/PROJECT/TAGS/Nodes/pu_KarGRES_Balkhashskaya_F/model_control","field":"trigger"},"is_strict":false,"max_step":null,"from":0}
prophet_pu_KarGRES_Karazhal	false	none	none	get	eyJ0ZW1wbGF0ZSI6IntcbiAgIFwicHJlZGljdGlvbnNcIjogJHByZWRpY3Rcbn0ifQ==	none	none	none	post	eyJ0ZW1wbGF0ZSI6IntcbiAgICBcInBvaW50XCI6ICRwb2ludCxcbiAgICBcInR5cGVcIjogJHR5cGUsXG4gICAgXCJjb25maWdcIjogJGNvbmZpZyxcbiAgICBcImRhdGFcIjogJGRhdGEsXG4gICAgXCJyZWdyZXNzb3JcIjogJHJlZ3Jlc3NvcixcbiAgICBcImZlYXR1cmVzXCI6ICRmZWF0dXJlc1xufSJ9	action2	{"type":"tag","value":{"tag":"/root/PROJECT/TAGS/Nodes/pu_KarGRES_Karazhal_F/model_control","field":"trigger"},"is_strict":false,"max_step":null,"from":0}
prophet_pu_pu_KarGRES_Nura	false	none	none	get	eyJ0ZW1wbGF0ZSI6IntcbiAgIFwicHJlZGljdGlvbnNcIjogJHByZWRpY3Rcbn0ifQ==	none	none	none	post	eyJ0ZW1wbGF0ZSI6IntcbiAgICBcInBvaW50XCI6ICRwb2ludCxcbiAgICBcInR5cGVcIjogJHR5cGUsXG4gICAgXCJjb25maWdcIjogJGNvbmZpZyxcbiAgICBcImRhdGFcIjogJGRhdGEsXG4gICAgXCJyZWdyZXNzb3JcIjogJHJlZ3Jlc3NvcixcbiAgICBcImZlYXR1cmVzXCI6ICRmZWF0dXJlc1xufSJ9	action2	{"type":"tag","value":{"tag":"/root/PROJECT/TAGS/Nodes/pu_KarGRES_Nura_F/model_control","field":"trigger"},"is_strict":false,"max_step":null,"from":0}
prophet_pu_KarGRES_Oskarovka	false	none	none	get	eyJ0ZW1wbGF0ZSI6IntcbiAgIFwicHJlZGljdGlvbnNcIjogJHByZWRpY3Rcbn0ifQ==	none	none	none	post	eyJ0ZW1wbGF0ZSI6IntcbiAgICBcInBvaW50XCI6ICRwb2ludCxcbiAgICBcInR5cGVcIjogJHR5cGUsXG4gICAgXCJjb25maWdcIjogJGNvbmZpZyxcbiAgICBcImRhdGFcIjogJGRhdGEsXG4gICAgXCJyZWdyZXNzb3JcIjogJHJlZ3Jlc3NvcixcbiAgICBcImZlYXR1cmVzXCI6ICRmZWF0dXJlc1xufSJ9	action2	{"type":"tag","value":{"tag":"/root/PROJECT/TAGS/Nodes/pu_KarGRES_Oskarovka_F/model_control","field":"trigger"},"is_strict":false,"max_step":null,"from":0}
prophet_pu_Kentau_Zhambyl_220	false	none	none	get	eyJ0ZW1wbGF0ZSI6IntcbiAgIFwicHJlZGljdGlvbnNcIjogJHByZWRpY3Rcbn0ifQ==	none	none	none	post	eyJ0ZW1wbGF0ZSI6IntcbiAgICBcInBvaW50XCI6ICRwb2ludCxcbiAgICBcInR5cGVcIjogJHR5cGUsXG4gICAgXCJjb25maWdcIjogJGNvbmZpZyxcbiAgICBcImRhdGFcIjogJGRhdGEsXG4gICAgXCJyZWdyZXNzb3JcIjogJHJlZ3Jlc3NvcixcbiAgICBcImZlYXR1cmVzXCI6ICRmZWF0dXJlc1xufSJ9	action2	{"type":"tag","value":{"tag":"/root/PROJECT/TAGS/Nodes/pu_Kentau_Zhambyl_220_F/model_control","field":"trigger"},"is_strict":false,"max_step":null,"from":0}
prophet_pu_Kyzylorda_Kumkol	false	none	none	get	eyJ0ZW1wbGF0ZSI6IntcbiAgIFwicHJlZGljdGlvbnNcIjogJHByZWRpY3Rcbn0ifQ==	none	none	none	post	eyJ0ZW1wbGF0ZSI6IntcbiAgICBcInBvaW50XCI6ICRwb2ludCxcbiAgICBcInR5cGVcIjogJHR5cGUsXG4gICAgXCJjb25maWdcIjogJGNvbmZpZyxcbiAgICBcImRhdGFcIjogJGRhdGEsXG4gICAgXCJyZWdyZXNzb3JcIjogJHJlZ3Jlc3NvcixcbiAgICBcImZlYXR1cmVzXCI6ICRmZWF0dXJlc1xufSJ9	action2	{"type":"tag","value":{"tag":"/root/PROJECT/TAGS/Nodes/pu_Kyzylorda_Kumkol_F/model_control","field":"trigger"},"is_strict":false,"max_step":null,"from":0}
prophet_pu_Mointy_UkGRES	false	none	none	get	eyJ0ZW1wbGF0ZSI6IntcbiAgIFwicHJlZGljdGlvbnNcIjogJHByZWRpY3Rcbn0ifQ==	none	none	none	post	eyJ0ZW1wbGF0ZSI6IntcbiAgICBcInBvaW50XCI6ICRwb2ludCxcbiAgICBcInR5cGVcIjogJHR5cGUsXG4gICAgXCJjb25maWdcIjogJGNvbmZpZyxcbiAgICBcImRhdGFcIjogJGRhdGEsXG4gICAgXCJyZWdyZXNzb3JcIjogJHJlZ3Jlc3NvcixcbiAgICBcImZlYXR1cmVzXCI6ICRmZWF0dXJlc1xufSJ9	action2	{"type":"tag","value":{"tag":"/root/PROJECT/TAGS/Nodes/pu_Mointy_UkGRES_F/model_control","field":"trigger"},"is_strict":false,"max_step":null,"from":0}
prophet_pu_Ru-6_Kyzylorda	false	none	none	get	eyJ0ZW1wbGF0ZSI6IntcbiAgIFwicHJlZGljdGlvbnNcIjogJHByZWRpY3Rcbn0ifQ==	none	none	none	post	eyJ0ZW1wbGF0ZSI6IntcbiAgICBcInBvaW50XCI6ICRwb2ludCxcbiAgICBcInR5cGVcIjogJHR5cGUsXG4gICAgXCJjb25maWdcIjogJGNvbmZpZyxcbiAgICBcImRhdGFcIjogJGRhdGEsXG4gICAgXCJyZWdyZXNzb3JcIjogJHJlZ3Jlc3NvcixcbiAgICBcImZlYXR1cmVzXCI6ICRmZWF0dXJlc1xufSJ9	action2	{"type":"tag","value":{"tag":"/root/PROJECT/TAGS/Nodes/pu_Ru-6_Kyzylorda_F/model_control","field":"trigger"},"is_strict":false,"max_step":null,"from":0}
prophet_pu_Semey_U-K	false	none	none	get	eyJ0ZW1wbGF0ZSI6IntcbiAgIFwicHJlZGljdGlvbnNcIjogJHByZWRpY3Rcbn0ifQ==	none	none	none	post	eyJ0ZW1wbGF0ZSI6IntcbiAgICBcInBvaW50XCI6ICRwb2ludCxcbiAgICBcInR5cGVcIjogJHR5cGUsXG4gICAgXCJjb25maWdcIjogJGNvbmZpZyxcbiAgICBcImRhdGFcIjogJGRhdGEsXG4gICAgXCJyZWdyZXNzb3JcIjogJHJlZ3Jlc3NvcixcbiAgICBcImZlYXR1cmVzXCI6ICRmZWF0dXJlc1xufSJ9	action2	{"type":"tag","value":{"tag":"/root/PROJECT/TAGS/Nodes/pu_Semey_U-K_F/model_control","field":"trigger"},"is_strict":false,"max_step":null,"from":0}
prophet_pu_Shymkent_220_Zhylga	false	none	none	get	eyJ0ZW1wbGF0ZSI6IntcbiAgIFwicHJlZGljdGlvbnNcIjogJHByZWRpY3Rcbn0ifQ==	none	none	none	post	eyJ0ZW1wbGF0ZSI6IntcbiAgICBcInBvaW50XCI6ICRwb2ludCxcbiAgICBcInR5cGVcIjogJHR5cGUsXG4gICAgXCJjb25maWdcIjogJGNvbmZpZyxcbiAgICBcImRhdGFcIjogJGRhdGEsXG4gICAgXCJyZWdyZXNzb3JcIjogJHJlZ3Jlc3NvcixcbiAgICBcImZlYXR1cmVzXCI6ICRmZWF0dXJlc1xufSJ9	action2	{"type":"tag","value":{"tag":"/root/PROJECT/TAGS/Nodes/pu_Shymkent_220_Zhylga_F/model_control","field":"trigger"},"is_strict":false,"max_step":null,"from":0}
prophet_pu_Taldykorgan_Robot_F	false	none	none	get	eyJ0ZW1wbGF0ZSI6IntcbiAgIFwicHJlZGljdGlvbnNcIjogJHByZWRpY3Rcbn0ifQ==	none	none	none	post	eyJ0ZW1wbGF0ZSI6IntcbiAgICBcInBvaW50XCI6ICRwb2ludCxcbiAgICBcInR5cGVcIjogJHR5cGUsXG4gICAgXCJjb25maWdcIjogJGNvbmZpZyxcbiAgICBcImRhdGFcIjogJGRhdGEsXG4gICAgXCJyZWdyZXNzb3JcIjogJHJlZ3Jlc3NvcixcbiAgICBcImZlYXR1cmVzXCI6ICRmZWF0dXJlc1xufSJ9	action2	{"type":"tag","value":{"tag":"/root/PROJECT/TAGS/Nodes/pu_Taldykorgan_Robot_F/model_control","field":"trigger"},"is_strict":false,"max_step":null,"from":0}
prophet_pu_UkGRES_Shu	false	none	none	get	eyJ0ZW1wbGF0ZSI6IntcbiAgIFwicHJlZGljdGlvbnNcIjogJHByZWRpY3Rcbn0ifQ==	none	none	none	post	eyJ0ZW1wbGF0ZSI6IntcbiAgICBcInBvaW50XCI6ICRwb2ludCxcbiAgICBcInR5cGVcIjogJHR5cGUsXG4gICAgXCJjb25maWdcIjogJGNvbmZpZyxcbiAgICBcImRhdGFcIjogJGRhdGEsXG4gICAgXCJyZWdyZXNzb3JcIjogJHJlZ3Jlc3NvcixcbiAgICBcImZlYXR1cmVzXCI6ICRmZWF0dXJlc1xufSJ9	action2	{"type":"tag","value":{"tag":"/root/PROJECT/TAGS/Nodes/pu_UkGRES_Shu_F/model_control","field":"trigger"},"is_strict":false,"max_step":null,"from":0}
prophet_pu_Zhambyl_Shymkent	false	none	none	get	eyJ0ZW1wbGF0ZSI6IntcbiAgIFwicHJlZGljdGlvbnNcIjogJHByZWRpY3Rcbn0ifQ==	none	none	none	post	eyJ0ZW1wbGF0ZSI6IntcbiAgICBcInBvaW50XCI6ICRwb2ludCxcbiAgICBcInR5cGVcIjogJHR5cGUsXG4gICAgXCJjb25maWdcIjogJGNvbmZpZyxcbiAgICBcImRhdGFcIjogJGRhdGEsXG4gICAgXCJyZWdyZXNzb3JcIjogJHJlZ3Jlc3NvcixcbiAgICBcImZlYXR1cmVzXCI6ICRmZWF0dXJlc1xufSJ9	action2	{"type":"tag","value":{"tag":"/root/PROJECT/TAGS/Nodes/pu_Zhambyl_Shymkent_F/model_control","field":"trigger"},"is_strict":false,"max_step":null,"from":0}
prophet_pu_Zhezkazgan_Karazhal	false	none	none	get	eyJ0ZW1wbGF0ZSI6IntcbiAgIFwicHJlZGljdGlvbnNcIjogJHByZWRpY3Rcbn0ifQ==	none	none	none	post	eyJ0ZW1wbGF0ZSI6IntcbiAgICBcInBvaW50XCI6ICRwb2ludCxcbiAgICBcInR5cGVcIjogJHR5cGUsXG4gICAgXCJjb25maWdcIjogJGNvbmZpZyxcbiAgICBcImRhdGFcIjogJGRhdGEsXG4gICAgXCJyZWdyZXNzb3JcIjogJHJlZ3Jlc3NvcixcbiAgICBcImZlYXR1cmVzXCI6ICRmZWF0dXJlc1xufSJ9	action2	{"type":"tag","value":{"tag":"/root/PROJECT/TAGS/Nodes/pu_Zhezkazgan_Karazhal_F/model_control","field":"trigger"},"is_strict":false,"max_step":null,"from":0}
prophet_pu_ZhGRES_Frunze	false	none	none	get	eyJ0ZW1wbGF0ZSI6IntcbiAgIFwicHJlZGljdGlvbnNcIjogJHByZWRpY3Rcbn0ifQ==	none	none	none	post	eyJ0ZW1wbGF0ZSI6IntcbiAgICBcInBvaW50XCI6ICRwb2ludCxcbiAgICBcInR5cGVcIjogJHR5cGUsXG4gICAgXCJjb25maWdcIjogJGNvbmZpZyxcbiAgICBcImRhdGFcIjogJGRhdGEsXG4gICAgXCJyZWdyZXNzb3JcIjogJHJlZ3Jlc3NvcixcbiAgICBcImZlYXR1cmVzXCI6ICRmZWF0dXJlc1xufSJ9	action2	{"type":"tag","value":{"tag":"/root/PROJECT/TAGS/Nodes/pu_ZhGRES_Frunze_F/model_control","field":"trigger"},"is_strict":false,"max_step":null,"from":0}
prophet_TrGRES	false	none	none	get	eyJ0ZW1wbGF0ZSI6IntcbiAgIFwicHJlZGljdGlvbnNcIjogJHByZWRpY3Rcbn0ifQ==	none	none	none	post	eyJ0ZW1wbGF0ZSI6IntcbiAgICBcInBvaW50XCI6ICRwb2ludCxcbiAgICBcInR5cGVcIjogJHR5cGUsXG4gICAgXCJjb25maWdcIjogJGNvbmZpZyxcbiAgICBcImRhdGFcIjogJGRhdGEsXG4gICAgXCJyZWdyZXNzb3JcIjogJHJlZ3Jlc3NvcixcbiAgICBcImZlYXR1cmVzXCI6ICRmZWF0dXJlc1xufSJ9	action2	{"type":"tag","value":{"tag":"/root/PROJECT/TAGS/Nodes/TrGRES_F/model_control","field":"trigger"},"is_strict":false,"max_step":null,"from":0}
prophet_Kurgan	false	none	none	get	eyJ0ZW1wbGF0ZSI6IntcbiAgIFwicHJlZGljdGlvbnNcIjogJHByZWRpY3Rcbn0ifQ==	none	none	none	post	eyJ0ZW1wbGF0ZSI6IntcbiAgICBcInBvaW50XCI6ICRwb2ludCxcbiAgICBcInR5cGVcIjogJHR5cGUsXG4gICAgXCJjb25maWdcIjogJGNvbmZpZyxcbiAgICBcImRhdGFcIjogJGRhdGEsXG4gICAgXCJyZWdyZXNzb3JcIjogJHJlZ3Jlc3NvcixcbiAgICBcImZlYXR1cmVzXCI6ICRmZWF0dXJlc1xufSJ9	action2	{"type":"tag","value":{"tag":"/root/PROJECT/TAGS/Nodes/Kurgan_F/model_control","field":"trigger"},"is_strict":false,"max_step":null,"from":0}
prophet_Kozirevo	false	none	none	get	eyJ0ZW1wbGF0ZSI6IntcbiAgIFwicHJlZGljdGlvbnNcIjogJHByZWRpY3Rcbn0ifQ==	none	none	none	post	eyJ0ZW1wbGF0ZSI6IntcbiAgICBcInBvaW50XCI6ICRwb2ludCxcbiAgICBcInR5cGVcIjogJHR5cGUsXG4gICAgXCJjb25maWdcIjogJGNvbmZpZyxcbiAgICBcImRhdGFcIjogJGRhdGEsXG4gICAgXCJyZWdyZXNzb3JcIjogJHJlZ3Jlc3NvcixcbiAgICBcImZlYXR1cmVzXCI6ICRmZWF0dXJlc1xufSJ9	action2	{"type":"tag","value":{"tag":"/root/PROJECT/TAGS/Nodes/Kozirevo_F/model_control","field":"trigger"},"is_strict":false,"max_step":null,"from":0}
prophet_Shagol	false	none	none	get	eyJ0ZW1wbGF0ZSI6IntcbiAgIFwicHJlZGljdGlvbnNcIjogJHByZWRpY3Rcbn0ifQ==	none	none	none	post	eyJ0ZW1wbGF0ZSI6IntcbiAgICBcInBvaW50XCI6ICRwb2ludCxcbiAgICBcInR5cGVcIjogJHR5cGUsXG4gICAgXCJjb25maWdcIjogJGNvbmZpZyxcbiAgICBcImRhdGFcIjogJGRhdGEsXG4gICAgXCJyZWdyZXNzb3JcIjogJHJlZ3Jlc3NvcixcbiAgICBcImZlYXR1cmVzXCI6ICRmZWF0dXJlc1xufSJ9	action2	{"type":"tag","value":{"tag":"/root/PROJECT/TAGS/Nodes/Shagol_F/model_control","field":"trigger"},"is_strict":false,"max_step":null,"from":0}
prophet_Cheliabinsk	false	none	none	get	eyJ0ZW1wbGF0ZSI6IntcbiAgIFwicHJlZGljdGlvbnNcIjogJHByZWRpY3Rcbn0ifQ==	none	none	none	post	eyJ0ZW1wbGF0ZSI6IntcbiAgICBcInBvaW50XCI6ICRwb2ludCxcbiAgICBcInR5cGVcIjogJHR5cGUsXG4gICAgXCJjb25maWdcIjogJGNvbmZpZyxcbiAgICBcImRhdGFcIjogJGRhdGEsXG4gICAgXCJyZWdyZXNzb3JcIjogJHJlZ3Jlc3NvcixcbiAgICBcImZlYXR1cmVzXCI6ICRmZWF0dXJlc1xufSJ9	action2	{"type":"tag","value":{"tag":"/root/PROJECT/TAGS/Nodes/Cheliabinsk_F/model_control","field":"trigger"},"is_strict":false,"max_step":null,"from":0}
prophet_UjUrGRES	false	none	none	get	eyJ0ZW1wbGF0ZSI6IntcbiAgIFwicHJlZGljdGlvbnNcIjogJHByZWRpY3Rcbn0ifQ==	none	none	none	post	eyJ0ZW1wbGF0ZSI6IntcbiAgICBcInBvaW50XCI6ICRwb2ludCxcbiAgICBcInR5cGVcIjogJHR5cGUsXG4gICAgXCJjb25maWdcIjogJGNvbmZpZyxcbiAgICBcImRhdGFcIjogJGRhdGEsXG4gICAgXCJyZWdyZXNzb3JcIjogJHJlZ3Jlc3NvcixcbiAgICBcImZlYXR1cmVzXCI6ICRmZWF0dXJlc1xufSJ9	action2	{"type":"tag","value":{"tag":"/root/PROJECT/TAGS/Nodes/UjUrGRES_F/model_control","field":"trigger"},"is_strict":false,"max_step":null,"from":0}
prophet_IrGRES	false	none	none	get	eyJ0ZW1wbGF0ZSI6IntcbiAgIFwicHJlZGljdGlvbnNcIjogJHByZWRpY3Rcbn0ifQ==	none	none	none	post	eyJ0ZW1wbGF0ZSI6IntcbiAgICBcInBvaW50XCI6ICRwb2ludCxcbiAgICBcInR5cGVcIjogJHR5cGUsXG4gICAgXCJjb25maWdcIjogJGNvbmZpZyxcbiAgICBcImRhdGFcIjogJGRhdGEsXG4gICAgXCJyZWdyZXNzb3JcIjogJHJlZ3Jlc3NvcixcbiAgICBcImZlYXR1cmVzXCI6ICRmZWF0dXJlc1xufSJ9	action2	{"type":"tag","value":{"tag":"/root/PROJECT/TAGS/Nodes/IrGRES_F/model_control","field":"trigger"},"is_strict":false,"max_step":null,"from":0}
prophet_MagnitRF	false	none	none	get	eyJ0ZW1wbGF0ZSI6IntcbiAgIFwicHJlZGljdGlvbnNcIjogJHByZWRpY3Rcbn0ifQ==	none	none	none	post	eyJ0ZW1wbGF0ZSI6IntcbiAgICBcInBvaW50XCI6ICRwb2ludCxcbiAgICBcInR5cGVcIjogJHR5cGUsXG4gICAgXCJjb25maWdcIjogJGNvbmZpZyxcbiAgICBcImRhdGFcIjogJGRhdGEsXG4gICAgXCJyZWdyZXNzb3JcIjogJHJlZ3Jlc3NvcixcbiAgICBcImZlYXR1cmVzXCI6ICRmZWF0dXJlc1xufSJ9	action2	{"type":"tag","value":{"tag":"/root/PROJECT/TAGS/Nodes/MagnitRF_F/model_control","field":"trigger"},"is_strict":false,"max_step":null,"from":0}
prophet_VityazRF	false	none	none	get	eyJ0ZW1wbGF0ZSI6IntcbiAgIFwicHJlZGljdGlvbnNcIjogJHByZWRpY3Rcbn0ifQ==	none	none	none	post	eyJ0ZW1wbGF0ZSI6IntcbiAgICBcInBvaW50XCI6ICRwb2ludCxcbiAgICBcInR5cGVcIjogJHR5cGUsXG4gICAgXCJjb25maWdcIjogJGNvbmZpZyxcbiAgICBcImRhdGFcIjogJGRhdGEsXG4gICAgXCJyZWdyZXNzb3JcIjogJHJlZ3Jlc3NvcixcbiAgICBcImZlYXR1cmVzXCI6ICRmZWF0dXJlc1xufSJ9	action2	{"type":"tag","value":{"tag":"/root/PROJECT/TAGS/Nodes/VityazRF_F/model_control","field":"trigger"},"is_strict":false,"max_step":null,"from":0}
prophet_VoshodRF	false	none	none	get	eyJ0ZW1wbGF0ZSI6IntcbiAgIFwicHJlZGljdGlvbnNcIjogJHByZWRpY3Rcbn0ifQ==	none	none	none	post	eyJ0ZW1wbGF0ZSI6IntcbiAgICBcInBvaW50XCI6ICRwb2ludCxcbiAgICBcInR5cGVcIjogJHR5cGUsXG4gICAgXCJjb25maWdcIjogJGNvbmZpZyxcbiAgICBcImRhdGFcIjogJGRhdGEsXG4gICAgXCJyZWdyZXNzb3JcIjogJHJlZ3Jlc3NvcixcbiAgICBcImZlYXR1cmVzXCI6ICRmZWF0dXJlc1xufSJ9	action2	{"type":"tag","value":{"tag":"/root/PROJECT/TAGS/Nodes/VoshodRF_F/model_control","field":"trigger"},"is_strict":false,"max_step":null,"from":0}
prophet_Barabinskaya	false	none	none	get	eyJ0ZW1wbGF0ZSI6IntcbiAgIFwicHJlZGljdGlvbnNcIjogJHByZWRpY3Rcbn0ifQ==	none	none	none	post	eyJ0ZW1wbGF0ZSI6IntcbiAgICBcInBvaW50XCI6ICRwb2ludCxcbiAgICBcInR5cGVcIjogJHR5cGUsXG4gICAgXCJjb25maWdcIjogJGNvbmZpZyxcbiAgICBcImRhdGFcIjogJGRhdGEsXG4gICAgXCJyZWdyZXNzb3JcIjogJHJlZ3Jlc3NvcixcbiAgICBcImZlYXR1cmVzXCI6ICRmZWF0dXJlc1xufSJ9	action2	{"type":"tag","value":{"tag":"/root/PROJECT/TAGS/Nodes/Barabinskaya_F/model_control","field":"trigger"},"is_strict":false,"max_step":null,"from":0}
prophet_Zarya	false	none	none	get	eyJ0ZW1wbGF0ZSI6IntcbiAgIFwicHJlZGljdGlvbnNcIjogJHByZWRpY3Rcbn0ifQ==	none	none	none	post	eyJ0ZW1wbGF0ZSI6IntcbiAgICBcInBvaW50XCI6ICRwb2ludCxcbiAgICBcInR5cGVcIjogJHR5cGUsXG4gICAgXCJjb25maWdcIjogJGNvbmZpZyxcbiAgICBcImRhdGFcIjogJGRhdGEsXG4gICAgXCJyZWdyZXNzb3JcIjogJHJlZ3Jlc3NvcixcbiAgICBcImZlYXR1cmVzXCI6ICRmZWF0dXJlc1xufSJ9	action2	{"type":"tag","value":{"tag":"/root/PROJECT/TAGS/Nodes/Zarya_F/model_control","field":"trigger"},"is_strict":false,"max_step":null,"from":0}
prophet_Kar.GRES-2_110	false	none	none	get	eyJ0ZW1wbGF0ZSI6IntcbiAgIFwicHJlZGljdGlvbnNcIjogJHByZWRpY3Rcbn0ifQ==	none	none	none	post	eyJ0ZW1wbGF0ZSI6IntcbiAgICBcInBvaW50XCI6ICRwb2ludCxcbiAgICBcInR5cGVcIjogJHR5cGUsXG4gICAgXCJjb25maWdcIjogJGNvbmZpZyxcbiAgICBcImRhdGFcIjogJGRhdGEsXG4gICAgXCJyZWdyZXNzb3JcIjogJHJlZ3Jlc3NvcixcbiAgICBcImZlYXR1cmVzXCI6ICRmZWF0dXJlc1xufSJ9	action2	{"type":"tag","value":{"tag":"/root/PROJECT/TAGS/Nodes/Kar.GRES-2_F/u110/model_control","field":"trigger"},"is_strict":false,"max_step":null,"from":0}
prophet_Kumkol_110	false	none	none	get	eyJ0ZW1wbGF0ZSI6IntcbiAgIFwicHJlZGljdGlvbnNcIjogJHByZWRpY3Rcbn0ifQ==	none	none	none	post	eyJ0ZW1wbGF0ZSI6IntcbiAgICBcInBvaW50XCI6ICRwb2ludCxcbiAgICBcInR5cGVcIjogJHR5cGUsXG4gICAgXCJjb25maWdcIjogJGNvbmZpZyxcbiAgICBcImRhdGFcIjogJGRhdGEsXG4gICAgXCJyZWdyZXNzb3JcIjogJHJlZ3Jlc3NvcixcbiAgICBcImZlYXR1cmVzXCI6ICRmZWF0dXJlc1xufSJ9	action2	{"type":"tag","value":{"tag":"/root/PROJECT/TAGS/Nodes/Kumkol_220_F/u110/model_control","field":"trigger"},"is_strict":false,"max_step":null,"from":0}
prophet_Balkhashskaya_110	false	none	none	get	eyJ0ZW1wbGF0ZSI6IntcbiAgIFwicHJlZGljdGlvbnNcIjogJHByZWRpY3Rcbn0ifQ==	none	none	none	post	eyJ0ZW1wbGF0ZSI6IntcbiAgICBcInBvaW50XCI6ICRwb2ludCxcbiAgICBcInR5cGVcIjogJHR5cGUsXG4gICAgXCJjb25maWdcIjogJGNvbmZpZyxcbiAgICBcImRhdGFcIjogJGRhdGEsXG4gICAgXCJyZWdyZXNzb3JcIjogJHJlZ3Jlc3NvcixcbiAgICBcImZlYXR1cmVzXCI6ICRmZWF0dXJlc1xufSJ9	action2	{"type":"tag","value":{"tag":"/root/PROJECT/TAGS/Nodes/Balkhashskaya_F/u110/model_control","field":"trigger"},"is_strict":false,"max_step":null,"from":0}
prophet_ATETS-3_110	false	none	none	get	eyJ0ZW1wbGF0ZSI6IntcbiAgIFwicHJlZGljdGlvbnNcIjogJHByZWRpY3Rcbn0ifQ==	none	none	none	post	eyJ0ZW1wbGF0ZSI6IntcbiAgICBcInBvaW50XCI6ICRwb2ludCxcbiAgICBcInR5cGVcIjogJHR5cGUsXG4gICAgXCJjb25maWdcIjogJGNvbmZpZyxcbiAgICBcImRhdGFcIjogJGRhdGEsXG4gICAgXCJyZWdyZXNzb3JcIjogJHJlZ3Jlc3NvcixcbiAgICBcImZlYXR1cmVzXCI6ICRmZWF0dXJlc1xufSJ9	action2	{"type":"tag","value":{"tag":"/root/PROJECT/TAGS/Nodes/ATETS-3_F/u110/model_control","field":"trigger"},"is_strict":false,"max_step":null,"from":0}
prophet_Shilik_220	false	none	none	get	eyJ0ZW1wbGF0ZSI6IntcbiAgIFwicHJlZGljdGlvbnNcIjogJHByZWRpY3Rcbn0ifQ==	none	none	none	post	eyJ0ZW1wbGF0ZSI6IntcbiAgICBcInBvaW50XCI6ICRwb2ludCxcbiAgICBcInR5cGVcIjogJHR5cGUsXG4gICAgXCJjb25maWdcIjogJGNvbmZpZyxcbiAgICBcImRhdGFcIjogJGRhdGEsXG4gICAgXCJyZWdyZXNzb3JcIjogJHJlZ3Jlc3NvcixcbiAgICBcImZlYXR1cmVzXCI6ICRmZWF0dXJlc1xufSJ9	action2	{"type":"tag","value":{"tag":"/root/PROJECT/TAGS/Nodes/Shilik_220_F/model_control","field":"trigger"},"is_strict":false,"max_step":null,"from":0}
prophet_PS7-AHBK_110	false	none	none	get	eyJ0ZW1wbGF0ZSI6IntcbiAgIFwicHJlZGljdGlvbnNcIjogJHByZWRpY3Rcbn0ifQ==	none	none	none	post	eyJ0ZW1wbGF0ZSI6IntcbiAgICBcInBvaW50XCI6ICRwb2ludCxcbiAgICBcInR5cGVcIjogJHR5cGUsXG4gICAgXCJjb25maWdcIjogJGNvbmZpZyxcbiAgICBcImRhdGFcIjogJGRhdGEsXG4gICAgXCJyZWdyZXNzb3JcIjogJHJlZ3Jlc3NvcixcbiAgICBcImZlYXR1cmVzXCI6ICRmZWF0dXJlc1xufSJ9	action2	{"type":"tag","value":{"tag":"/root/PROJECT/TAGS/Nodes/PS7-AHBK_F/u110/model_control","field":"trigger"},"is_strict":false,"max_step":null,"from":0}
prophet_MoinakGES_220	false	none	none	get	eyJ0ZW1wbGF0ZSI6IntcbiAgIFwicHJlZGljdGlvbnNcIjogJHByZWRpY3Rcbn0ifQ==	none	none	none	post	eyJ0ZW1wbGF0ZSI6IntcbiAgICBcInBvaW50XCI6ICRwb2ludCxcbiAgICBcInR5cGVcIjogJHR5cGUsXG4gICAgXCJjb25maWdcIjogJGNvbmZpZyxcbiAgICBcImRhdGFcIjogJGRhdGEsXG4gICAgXCJyZWdyZXNzb3JcIjogJHJlZ3Jlc3NvcixcbiAgICBcImZlYXR1cmVzXCI6ICRmZWF0dXJlc1xufSJ9	action2	{"type":"tag","value":{"tag":"/root/PROJECT/TAGS/Nodes/MoinakGES_220_F/model_control","field":"trigger"},"is_strict":false,"max_step":null,"from":0}
